,JPN_UNHEDGED,JPN_HEDGED,AUS_UNHEDGED,AUS_HEDGED,DEU_UNHEDGED,DEU_HEDGED,FRA_UNHEDGED,FRA_HEDGED,CHE_UNHEDGED,CHE_HEDGED,GBR_UNHEDGED,GBR_HEDGED,EQ_UNHEDGED,EQ_HEDGED,RP_UNHEDGED,RP_HEDGED,MV_UNHEDGED,MV_HEDGED
2000-02-29,1.0433470401823433,,0.9511117138910482,,1.10716258901747,,1.0691452340991254,,0.9807728299961529,,0.9975999355009189,,1.0,,1.0,,1.0,
2000-03-31,1.043191346665996,,0.9438939152652419,,1.0832868900624006,,1.0661819665761598,,1.0598535723297602,,1.0641407438643544,,1.0,,1.0,,1.0,
2000-04-30,0.9800221145759263,,0.9227828852040556,,0.9917346912503173,,1.028723581329402,,1.0296194721100715,,0.995072610719967,,1.0,,1.0,,1.0,
2000-05-31,0.9261008007242635,,0.9494996439560685,,1.0126002036333615,,1.0947524670056086,,1.1239667333866448,,1.0043528583488426,,1.0,,1.0,,1.0,
2000-06-30,0.9512935003749503,,0.9900824853312479,,0.9667412873290756,,1.0843872289834644,,1.1351101990363692,,1.0132121943126462,,1.0,,1.0,,1.0,
2000-07-31,0.8669151544523663,,0.9825735318040257,,0.9531642226807988,,1.0690439168432437,,1.1378256645450482,,1.012089817151345,,1.0,,1.0,,1.0,
2000-08-31,0.9138598802842003,,0.933720694186803,,0.9009741729633326,,1.0498817002778225,,1.1434757337687143,,1.0253747440708396,,1.0,,1.0,,1.0,
2000-09-30,0.8750781916177932,,0.8770945260997246,,0.812642331913527,,0.968176974556989,,1.0715822726353843,,0.987254725009842,,1.0,,1.0,,1.0,
2000-10-31,0.8160125022562918,,0.8950102316787548,,0.8177658654774503,,0.9775123530677534,,1.1040123213125872,,0.9866254015027298,,1.0,,1.0,,1.0,
2000-11-30,0.7832704754763812,,0.969836965765255,,0.7763111578518092,,0.9628485014687381,,1.1436455172549433,,0.97599036929856,,1.0,,1.0,,1.0,
2000-12-31,0.7061005589879795,,0.9777143417744479,,0.8025081364495941,,1.0138009122924407,,1.206725084157322,,0.9973691733565596,,1.0,,1.0,,1.0,
2001-01-31,0.7195403915661314,,0.9678279311112432,,0.8256998398132014,,0.998428920811464,,1.1752916676959988,,0.9722067387767487,,1.0,,1.0,,1.0,
2001-02-28,0.657781097550781,,0.9007118414897668,,0.7546086760960126,,0.9099983243173644,,1.1091144786282487,,0.9206035701288389,,1.0,,1.0,,1.0,
2001-03-31,0.6669151121920143,,0.8696681043314753,,0.7138569003495232,,0.8577882131080439,,1.0319586643907182,,0.8767797986717608,,1.0,,1.0,,1.0,
2001-04-30,0.7219819246007635,,0.9376976525837789,,0.7458343751118846,,0.9064859954221695,,1.036372202615485,,0.9220550935899315,,1.0,,1.0,,1.0,
2001-05-31,0.6962759944067355,,0.9586346019853863,,0.715615037636713,,0.8719004087368041,,1.034131503091909,,0.8889823510891735,,1.0,,1.0,,1.0,
2001-06-30,0.6781795436135766,,0.9655299145597903,,0.7172631644586582,,0.846634051709102,,1.0137431196289453,,0.8699502331866649,,1.0,,1.0,,1.0,
2001-07-31,0.637084090580005,,0.9416994882516786,,0.729210260420251,,0.8645687844147849,,0.9977580919916602,,0.8661183442649887,,1.0,,1.0,,1.0,
2001-08-31,0.6037408297238616,,0.9105307540934466,,0.6741424253244003,,0.8173351471261182,,0.9911822251164263,,0.8638811733154756,,1.0,,1.0,,1.0,
2001-09-30,0.5494043011211174,,0.8662006250231926,,0.5822370305927941,,0.7095970792505963,,0.8886985859273631,,0.7787613585061943,,1.0,,1.0,,1.0,
2001-10-31,0.5640538408896689,,0.940965183518366,,0.6032705004586905,,0.7400583203116525,,0.9035184259537735,,0.7960051446222058,,1.0,,1.0,,1.0,
2001-11-30,0.537322506599928,,0.9690174301345428,,0.646608929675913,,0.7681376548011831,,0.9288425787703722,,0.8324337986842679,,1.0,,1.0,,1.0,
2001-12-31,0.5062049849038192,,0.9955309508755478,,0.6553560539060634,,0.7882525489172688,,0.9485392655370187,,0.8293380855960776,,1.0,,1.0,,1.0,
2002-01-31,0.47409813745122564,,1.0144578022201627,,0.6540128389980591,,0.7560332701504047,,0.9132857969152472,,0.8148850670400102,,1.0,,1.0,,1.0,
2002-02-28,0.5038647221376407,,1.0378748688881945,,0.6526454688679185,,0.7578117740780658,,0.9364619860060939,,0.8123340735985045,,1.0,,1.0,,1.0,
2002-03-31,0.53180303763028,,1.0623257532864947,,0.6921829478408739,,0.8058288057033857,,0.994057008659203,,0.8557606612806891,,1.0,,1.0,,1.0,
2002-04-30,0.5616339393164875,,1.0756976656560286,,0.6841416126366423,,0.7973369219592965,,1.0306583467682824,,0.8542152764970163,,1.0,,1.0,,1.0,
2002-05-31,0.5964023161609014,1.0315717736786774,1.1114711846064358,0.9918035654291866,0.6949786500693171,0.9743442732951451,0.8080438215058501,0.9719322561198995,1.06660503466783,1.0089082083543146,0.8582314983234005,0.9792059644005944,1.0,1.0,1.0,1.0,1.0,1.0
2002-06-30,0.5714333559351917,0.9351061533055786,1.0543177498748368,0.9587168662326472,0.67256456690092,0.9067705945279906,0.7718032065096416,0.892281121265878,1.0247975887953884,0.9284827677267132,0.8260412472011998,0.8840242601650808,1.0,1.0,1.0,1.0,1.0,1.0
2002-07-31,0.533501538254027,0.8766589482898539,0.9915506092959404,0.9161589464175519,0.5900366383014284,0.811590062253181,0.6807639411534183,0.8028596105608752,0.8740593268973843,0.8129578848148049,0.7425669807885338,0.7966726872723211,1.0,1.0,1.0,1.0,1.0,1.0
2002-08-31,0.5115141731888074,0.8511434465515231,1.0173012476042045,0.9242309668326794,0.5898315683762159,0.8113359910278967,0.6793502396625588,0.8012200597386636,0.8809140973362927,0.8216786234581022,0.7541503887692329,0.7905405419724777,1.0,1.0,1.0,1.0,1.0,1.0
2002-09-30,0.4892360565833481,0.8292005503528366,0.9836875609262629,0.880530426227915,0.4692584701195438,0.6478340166253967,0.5787485994145665,0.6848929603157932,0.8020507905489462,0.7526929794488272,0.6683768426727735,0.6916814848516242,1.0,1.0,1.0,1.0,1.0,1.0
2002-10-31,0.4679878569216217,0.7731208337990317,1.0157016337059785,0.8847706574299552,0.5285420184109746,0.7188373046811971,0.6558452639479079,0.7646687588372622,0.8418692194045644,0.780176741846874,0.7244479670815807,0.7364423004768998,1.0,1.0,1.0,1.0,1.0,1.0
2002-11-30,0.48272641930908267,0.7954142946720462,1.0120733050410573,0.8733869092608191,0.5529810521832623,0.7416744616407622,0.6985425653733396,0.8033867675609269,0.890204092678505,0.8145905305865522,0.7548947377535195,0.7525390348981005,1.0,1.0,1.0,1.0,1.0,1.0
2002-12-31,0.46888438628780393,0.7472466394252935,1.0385371984165752,0.8565885582968663,0.5208445853453444,0.669329854134855,0.6808979969516541,0.7514185442649897,0.850614553682534,0.7450254944918075,0.7304966683346529,0.7047013541241668,1.0,1.0,1.0,1.0,1.0,1.0
2003-01-31,0.45478096507415733,0.7241551167178282,1.0463299683927867,0.8365938771008276,0.5111907623728705,0.64840033779747,0.6630899829430644,0.7221972759997062,0.8176607487762018,0.7102960887947176,0.6618991188582193,0.634740801904131,1.0,1.0,1.0,1.0,1.0,1.0
2003-02-28,0.4559266066883771,0.7182999434072727,1.000571603488008,0.7842319851683306,0.4846162867874775,0.6156488237305714,0.629063460942781,0.6862023095801065,0.773823892266868,0.6756461653047593,0.6693140187597887,0.6447565692375916,1.0,1.0,1.0,1.0,1.0,1.0
2003-03-31,0.43741558537920955,0.6930873749927497,1.0552947931440015,0.809516176384868,0.4694666897319509,0.5942835877442467,0.6051475142763472,0.6577517231013017,0.7578203966094951,0.6726055750758624,0.6626939936062852,0.634604800533413,1.0,1.0,1.0,1.0,1.0,1.0
2003-04-30,0.4536228101214878,0.7007548239693872,1.1702851514546306,0.8418615485293932,0.5833903665494613,0.7024614188673842,0.7167919761599206,0.7392181001283243,0.8928639047810192,0.7605475825263445,0.7452472765420836,0.686475898678525,1.0,1.0,1.0,1.0,1.0,1.0
2003-05-31,0.4722334044130227,0.7322589069229181,1.209690509176627,0.8393276373428032,0.6027694605411067,0.721103642120906,0.7475756468230338,0.7660271926637585,0.8949926598051477,0.7701890599717768,0.7957383080044818,0.708474356486408,1.0,1.0,1.0,1.0,1.0,1.0
2003-06-30,0.5072756185663065,0.7860305803873842,1.2236126111336165,0.848090385672349,0.6263000729544972,0.7708905925598025,0.7526013796819578,0.794161778018098,0.8987604634236112,0.79983493757568,0.7797318634384313,0.7027897696024603,1.0,1.0,1.0,1.0,1.0,1.0
2003-07-31,0.5281099476080837,0.8152075669889393,1.2499943306465973,0.8706999358844518,0.652391334644465,0.819513676435911,0.7656684726389232,0.8249570814803552,0.9284592981946429,0.840374233347998,0.7938213115170576,0.7195479818215731,1.0,1.0,1.0,1.0,1.0,1.0
2003-08-31,0.581051222712712,0.8664045481398948,1.3084998188091654,0.8886663073793631,0.6656885506814922,0.8303961976094646,0.7997013889330211,0.8557656032065618,0.9527777196209826,0.8609051519857985,0.8152019514837758,0.7203883721783773,1.0,1.0,1.0,1.0,1.0,1.0
2003-09-30,0.624663452389997,0.8861343173783514,1.380680507775657,0.888152702030259,0.6609123745295093,0.7940384346413931,0.7983389800958614,0.8229790922683704,0.975281753948496,0.8501358845193856,0.8361669502621953,0.7012514879903792,1.0,1.0,1.0,1.0,1.0,1.0
2003-10-31,0.6429103663779075,0.9063029105214965,1.4722330503708978,0.9122490301961771,0.7246907187784656,0.8734160795018946,0.8514443488751264,0.880576416632465,1.0089149436860076,0.8883777783781938,0.8807281599458969,0.725388420411905,1.0,1.0,1.0,1.0,1.0,1.0
2003-11-30,0.6260256848851523,0.8671815284063907,1.496456672857264,0.8891033576811106,0.7734295932143211,0.8910963609686511,0.9061584553255013,0.8957648615870666,1.0817151551181337,0.9080154499597731,0.9259961179167624,0.7264919192325655,1.0,1.0,1.0,1.0,1.0,1.0
2003-12-31,0.6616977736981858,0.9015205495847474,1.6186274247509935,0.9135939202471411,0.8222097388586559,0.9255109554356807,0.9619058689861247,0.9289719277182951,1.132892660263226,0.9356086574606006,0.9929399910650833,0.7378693200480104,1.0,1.0,1.0,1.0,1.0,1.0
2004-01-31,0.6626028196886344,0.9033815065578122,1.6185711722126663,0.898464688745394,0.8527634513386079,0.9627161035662304,0.9898468814468241,0.9587795203249483,1.1828589915582446,0.9842656826349935,1.0049624992314343,0.7190851712728004,1.0,1.0,1.0,1.0,1.0,1.0
2004-02-29,0.6723822185269863,0.9288004892969893,1.6074939983695522,0.9156005329690133,0.825110731192005,0.9633540177984697,0.9857876582362495,0.9865735288516145,1.1702040573132944,1.0023326625621698,1.0103195862979144,0.7285400100824281,1.0,1.0,1.0,1.0,1.0,1.0
2004-03-31,0.7439494416558554,1.0170688555397458,1.6324754358883495,0.9270417045405722,0.7820165940503105,0.937306284353982,0.945578116214401,0.9711834413089145,1.1248335108024725,0.9814322944523579,0.9849661446043787,0.7088591555935271,1.0,1.0,1.0,1.0,1.0,1.0
2004-04-30,0.7337820764101802,1.0413124074905378,1.5304846250247293,0.9102949861628356,0.8047466330336759,0.9664643737707358,0.9551487366675327,0.982996828795037,1.1705912980013804,1.0145779478681238,0.9994505148523211,0.7158121584859701,1.0,1.0,1.0,1.0,1.0,1.0
2004-05-31,0.7224816813390857,0.9954841772241304,1.5256895164741364,0.9109453223405127,0.8038941494618285,0.9565401872242001,0.9765701204086518,0.9959901259292467,1.1756386059821158,0.9950489114595741,1.0095574038886441,0.6955389800213558,1.0,1.0,1.0,1.0,1.0,1.0
2004-06-30,0.7559307507000889,1.0391545929209172,1.6249182884305484,0.9304199131079596,0.8350492798391603,0.9873848751639213,1.01180636013047,1.025444004814657,1.1887787454220655,1.0057931645066935,1.032176392674793,0.6951872092068347,1.0,1.0,1.0,1.0,1.0,1.0
2004-07-31,0.7170895841394123,0.9906129270160989,1.6271488342369822,0.9281779981155777,0.8046378269194502,0.9611716695197229,0.9868511162582584,1.0102741888979738,1.1493186098089045,0.9906058709870842,1.0039876402156458,0.6760922995056899,1.0,1.0,1.0,1.0,1.0,1.0
2004-08-31,0.711537640152267,0.9798735349114516,1.6412504389266613,0.9372703198476512,0.7860996663598672,0.9400742378364169,0.9809081051811701,1.005290746861286,1.1294813961620864,0.9788389924767876,1.0048628084288849,0.6781703716730666,1.0,1.0,1.0,1.0,1.0,1.0
2004-09-30,0.7033100459991426,0.9552789272383913,1.7755338175482889,0.962040124936422,0.823542532778365,0.9668118416437631,1.0177542826559631,1.0237621107356518,1.165535253421114,0.991497991723317,1.0387779562734347,0.6873675212940368,1.0,1.0,1.0,1.0,1.0,1.0
2004-10-31,0.7191096307267162,0.9383976891937191,1.9339065337624943,0.9892679521856005,0.8667982885280408,0.983719050984649,1.075620160051402,1.046100613364408,1.2117056312773093,0.9841638085398073,1.0841127648321758,0.6888901899287652,1.0,1.0,1.0,1.0,1.0,1.0
2004-11-30,0.7346047229115822,0.9501971637551168,2.015715783884074,1.0256787264441756,0.9305248949151944,1.0296341281564627,1.126725890363021,1.067721693434895,1.2617738637525864,1.0100589136517633,1.1483035926100718,0.6965430676503761,1.0,1.0,1.0,1.0,1.0,1.0
2004-12-31,0.7732437348642636,0.9961088918128312,2.066997925893049,1.043960939045003,0.935735609379788,1.0626601383314176,1.1281287374984619,1.0973197802921906,1.2745283312562028,1.0555365315417884,1.1514749033371359,0.7092641275610393,1.0,1.0,1.0,1.0,1.0,1.0
2005-01-31,0.7604886831970207,0.9959095211464587,2.1472348337313107,1.0563417641477755,0.9365081579475606,1.0787774870987308,1.1530364861159164,1.1372843811821078,1.2914337661636384,1.0888993826444773,1.1699931501689347,0.7110081703309636,1.0,1.0,1.0,1.0,1.0,1.0
2005-02-28,0.777660059015951,1.0228698053000969,2.2066785799835387,1.0728633268221677,0.9729448783779073,1.1134285465262084,1.208258008076627,1.1840335191055034,1.3550410354081004,1.1365502681758943,1.209625053644668,0.7220095749679512,1.0,1.0,1.0,1.0,1.0,1.0
2005-03-31,0.7718721787525211,1.0360142073535137,2.156320909575879,1.0562623182377062,0.9521569500806804,1.1178006425641454,1.1958107683128576,1.201783221268547,1.328207566731535,1.1428950138402245,1.194553846828975,0.709482888996001,1.0,1.0,0.9842166843078957,1.0,0.9771794266439857,1.0
2005-04-30,0.7437728121043552,0.9952680090472941,2.0654337976664907,1.0152263150450895,0.9058242702102801,1.0931813194894748,1.1406511431609632,1.1783587645295996,1.2866924950925391,1.1385465823237593,1.1462737004087629,0.6896086725964432,1.0,1.0,0.9444049467767749,1.0,0.9359921360554005,1.0
2005-05-31,0.7375627839463555,1.0099007128330624,2.1225031620189774,1.0366296897033265,0.9162185602352305,1.1611938965063182,1.1592712797745202,1.2573847501893474,1.284080437201565,1.1918710888572317,1.164393508672093,0.7090300151717182,1.0,1.0,0.9544916778978719,1.0,0.9618542461380174,1.0
2005-06-30,0.7380781322196903,1.0433518579508256,2.177287045737252,1.0773987774427414,0.9346157900476287,1.2051670119585551,1.1852928354041574,1.307976679656392,1.2833502899424405,1.2293204835614429,1.1572300760496692,0.725640565299492,1.0,1.0,0.9638705434136465,1.0,0.9866806455127207,1.0
2005-07-31,0.7592844100721893,1.0648684126941752,2.213655644945414,1.0771935137200932,1.0139824559049488,1.2927629694722211,1.2719381664777671,1.38758667459636,1.3864868982546565,1.3106744507294692,1.2263434920282748,0.7451747598201226,1.0,1.0,1.016752484637546,1.0,1.00316179484641,1.0
2005-08-31,0.7949913238945343,1.1260968643524563,2.264904618017082,1.09301446428778,1.0005123791086952,1.294357150578832,1.246001122754643,1.3794356275046251,1.3692501399104207,1.3137478601075776,1.245048328754284,0.7464513717075741,1.0,1.0,1.0255522381650706,1.0,1.0263862796157552,1.0
2005-09-30,0.8641514851511463,1.2659322209291537,2.3421240376416192,1.1441776786248155,1.0179142981222218,1.3525058971863715,1.2760732578915677,1.450706540550763,1.4290782457252096,1.4083872378597204,1.2545173231737636,0.765043990660459,1.0,1.0,1.06261236532162,1.0,1.0613797853872724,1.0
2005-10-31,0.8582429993254578,1.3030170578741795,2.2047430518125655,1.1024210615695946,0.9739999341732242,1.3346197012699006,1.2034777113323485,1.4115769698135474,1.4106701846647258,1.4324780062485167,1.2036446523784614,0.743023528709635,1.0,1.0,1.0235007033779937,1.0,0.9991228771654693,1.0
2005-11-30,0.9121578907122123,1.3931907678605326,2.3102073969528223,1.1428702619623246,1.020074704333129,1.4045038704254902,1.2486827911669445,1.4717383166173044,1.4869193014371447,1.5226740447041833,1.247442511084081,0.7617071786255649,1.0,1.0,1.0723256638946184,1.0,1.0469161290223137,1.0
2005-12-31,1.009323400580578,1.5141479096357862,2.4004617951868625,1.1735616729174123,1.0817595661265706,1.4738199302512889,1.3182686279269518,1.5373913390900047,1.5635717786248733,1.5888929271329923,1.3161534233759589,0.7902870817948338,1.0,1.0,1.1372739797568927,1.0,1.087816692907206,1.0
2006-01-31,1.0212209498910612,1.5726289716054365,2.4582291999913846,1.2149035610967422,1.124673315016531,1.5719391739653406,1.3577694773761246,1.6248207118240163,1.58278211673015,1.6650878309302444,1.327580838067426,0.803515037070161,1.0,1.0,1.1600759095178457,1.0,1.1139951338131546,1.0
2006-02-28,0.9923022405573674,1.5307088519994971,2.4303988770607865,1.2262481242360828,1.1698537310068333,1.642176034474598,1.3863252658338947,1.6663203016072992,1.61737521917906,1.7255838038993663,1.3531406192464157,0.8179914942523112,1.0,1.0,1.169843847690627,1.0,1.1013832730813549,1.0
2006-03-31,1.041136126963907,1.6138515358766081,2.5710189860822483,1.280100361530238,1.2312293084652666,1.7147737759610113,1.4742367523790325,1.7582299629937215,1.6895770923521458,1.7991167067513776,1.4199386333380963,0.8446585719055254,1.0,1.0,1.2315622019926804,1.0,1.1651080539792193,1.0
2006-04-30,1.080501967167568,1.6083819361191176,2.738783788039805,1.3172310164207808,1.2910227548015976,1.7498859763255912,1.5363328838503656,1.7829034393630987,1.8102907969259832,1.8612095378725746,1.5128936664596062,0.8489743739801696,1.0,1.0,1.3008905634458316,1.0,1.241133988829599,1.0
2006-05-31,0.9700690625036482,1.4966728688437168,2.5367484142563446,1.2637782267354627,1.216862448743647,1.6859837369901398,1.4643670899395431,1.7366951165628102,1.691517243800972,1.7887223219857866,1.4228543403389604,0.8083059489737178,1.0,1.0,1.2116705376224068,1.0,1.1495776672084557,1.0
2006-06-30,0.9627773880136652,1.511315544377473,2.6275696167681293,1.2884802921860963,1.2114226820840677,1.696946084088241,1.4838334030421558,1.7788372365001872,1.6785883449685388,1.811592283508353,1.4519815760141783,0.8226234702326732,1.0,1.0,1.2237125839730094,1.0,1.1907350896512212,1.0
2006-07-31,0.946772219370463,1.499853627869674,2.630847232602701,1.2747405024209848,1.2277900244590914,1.7245406825702991,1.5135604708532173,1.8193670668346282,1.7364368459749093,1.8951205851724928,1.5110915409083645,0.8318545399285937,1.0,1.0,1.2426868087990812,1.0,1.1922204060286503,1.0
2006-08-31,0.9749669522924302,1.572660462989038,2.689047702692557,1.319838960794516,1.252804406503665,1.794242502997822,1.5516169949869925,1.9015803018436577,1.7677567321755945,1.9812851101612112,1.5141601070738724,0.836535935864512,1.0,1.0,1.266648630182551,1.0,1.21859509902553,1.0
2006-09-30,0.9542992898682185,1.5689861439715924,2.7231932924256785,1.339340470827849,1.2816543349718406,1.8729971819322355,1.5646662404093823,1.9572487079144503,1.822037886760316,2.0973307663093688,1.5349300368636944,0.8491876468995576,1.0,1.0,1.2804042982198907,1.0,1.234068847691444,1.0
2006-10-31,0.9705137832765055,1.588415142545708,2.9165679000400164,1.402601947435095,1.3561303717726798,1.9639450551086202,1.6325934052248885,2.0235236880292633,1.9012794792827796,2.1803712261048176,1.6091705859416305,0.8712665992660218,1.0,1.0,1.3410930860426447,1.0,1.3217003719960758,1.0
2006-11-30,0.962057591781951,1.5839996769310731,3.0383956907646543,1.438094432649495,1.3971675453541255,1.9977063903637973,1.682428524234657,2.05884470467313,1.9344782222718047,2.2068856096528164,1.648211474339043,0.866316321075251,1.0,1.0,1.371843561539718,1.0,1.3769090425427155,1.0
2006-12-31,0.981884696059764,1.6670654790268984,3.1409362087713557,1.4930222233301014,1.4402782990596448,2.114472856034011,1.7293838690608256,2.173118218345521,1.970847663290359,2.3421897342955917,1.7005693313121086,0.8928088915493922,1.0,1.0,1.4094834177072317,1.0,1.4233773043624618,1.0
2007-01-31,1.0052612330376092,1.7163881987099157,3.2028141219772785,1.5217953358800995,1.4994299167392837,2.210549973400931,1.7598828360989578,2.2209355649813967,2.05937732391246,2.476816221369137,1.697881922908491,0.8882390857131571,1.0,1.0,1.4421382750464564,1.0,1.4514185033695162,1.0
2007-02-28,1.0497309188172292,1.7529455334657447,3.300704621503567,1.5473129305229811,1.5080571563065712,2.2185422711269975,1.763784141312024,2.221110226156107,2.0258138192184387,2.4313583981415126,1.6850822586377672,0.8837032155639827,1.0,1.0,1.4577495669858815,1.0,1.4957795174357418,1.0
2007-03-31,1.019175358121387,1.7353414939519878,3.562135045313514,1.6008623719371766,1.5899824346634022,2.3171209839475937,1.8567342793957613,2.3161920117127033,2.102268565738403,2.5492232855258217,1.7755681692793626,0.9093894416561493,1.0,1.0,1.5184441820034171,1.0,1.6142518795556011,1.0
2007-04-30,0.993985778164157,1.7271501955933144,3.662030753400373,1.648214862310392,1.6759960082856749,2.4652767656841443,1.9444609906687216,2.448424031418503,2.2119060105201642,2.7390399496521254,1.8136687031091425,0.9273337847203118,1.0,1.0,1.5608199087836836,1.0,1.6595215935017094,1.0
2007-05-31,1.005646684127581,1.7821842833000048,3.8454067602316577,1.6945808602633785,1.7491985183239822,2.615516819758715,2.013943381193332,2.5781879267315597,2.218079481226921,2.814902562788428,1.8626051589762493,0.9476808961312773,1.0,1.0,1.6050307341157544,1.0,1.7426220543004236,1.0
2007-06-30,1.026969174277629,1.8081605353447958,3.964322815281377,1.6924267307526273,1.8007489937084538,2.6581573139939145,2.0703726663806865,2.6164773255613936,2.2146444061414923,2.7922278467479176,1.886358166127539,0.9327797638763776,1.0201368433396354,1.0034465795745517,1.6369940936426781,1.0020163623162135,1.7965112142933604,0.991944759886094
2007-07-31,1.0254324298951543,1.7388632048279473,3.7215442634027767,1.6625240718822507,1.7191198064387336,2.5821164822161897,1.960342212647997,2.521182211236391,2.145308080231603,2.7370084021748364,1.7986619989985944,0.8976151543633011,0.9794995297789588,0.9735947338731431,1.571814055899249,0.9730991298420324,1.6864913164791477,0.9642437297036248
2007-08-31,0.9834991891169269,1.6480597202615008,3.846633236811432,1.679884868476079,1.7483938530157126,2.594518128509641,1.9656754648581072,2.4972182809573895,2.1628290751754764,2.759538398381919,1.8020241975654052,0.892608322029972,0.9831733663468079,0.9664832660131532,1.5774735890747449,0.9673775338994642,1.7431778563963423,0.9655489245461704
2007-09-30,0.9858687599853475,1.6689376740247444,4.312066419615618,1.7696917846193922,1.8260261267550293,2.6732400366098035,2.017578392989623,2.5280444567469122,2.1934506925946047,2.8143440780218283,1.8502052198252918,0.9008935136081757,1.0216988262464621,0.9887053985981624,1.6411766710751892,0.9916816853742079,1.9540980996189223,0.9857758772140072
2007-10-31,1.0366170472580398,1.6855715151356363,4.437257846841278,1.821372676885815,1.9327170200489636,2.7699730983340607,2.139729199785954,2.6248712514132047,2.3417041483726515,2.919292629866476,1.954789320207616,0.9361942653933161,1.0768015175685905,1.0200360825978025,1.7294510276415533,1.023502359917375,2.0108310685076645,1.0224809428286838
2007-11-30,0.9681406975585081,1.5973083737550569,4.161908161184456,1.7515796917155626,1.870974133183842,2.72869816715146,2.0616583024605712,2.5738410590003986,2.2172470014679524,2.847900773377426,1.8223813603673586,0.8922588563479289,1.0198338164631786,0.9866452563276095,1.636498301615905,0.9889861011568678,1.8860509178529754,1.0072451159622942
2007-12-31,0.9764897443597896,1.5431428192414447,4.123149431155817,1.705842638110989,1.9191233564333643,2.79076503561175,2.062430437873953,2.5671121198756865,2.240636066283084,2.813361994829351,1.780473197487668,0.8862925181574781,1.0220388246198153,0.9769916918390388,1.6383908582834517,0.9781101406347144,1.8684866335116967,1.0150539307420232
2008-01-31,0.8925450040838057,1.399796772019112,3.783331996077717,1.4967318522560937,1.6808950661781308,2.4627153874973087,1.7845718121724419,2.2381668605080223,2.020159152148021,2.5447442242857727,1.618723323149694,0.8019102080548283,0.9170266546591376,0.8708494705640769,1.4708581881562959,0.871385436521788,1.7144916483967219,0.9044537656984162
2008-02-29,0.9350498096772528,1.3751003310774774,3.8097773609333725,1.4837032770158327,1.7619704489324306,2.466048607155633,1.8411613473627007,2.204214859002914,2.1455831390077575,2.5351706606157824,1.6595169519485655,0.7980904817008313,0.9509326739790449,0.8637826693756032,1.5246885952856948,0.8644580938221892,1.7557892765068652,0.9056779197712647
2008-03-31,0.8521084775457546,1.2734025536893052,3.6900919493554736,1.4102584765845545,1.7416482051353022,2.4053145507081353,1.8335333543350834,2.166220140340047,2.066798431012467,2.4635264202612417,1.615790374196149,0.7732992980720431,0.9194150841752576,0.8314417444259025,1.4737276223509372,0.8324646362654702,1.7006305776396689,0.8820009782737624
2008-04-30,0.927714244907293,1.399735617171289,3.9446020600585987,1.4650591815426668,1.8107582792994827,2.5354836955754556,1.9361867717570111,2.318772132994452,2.1428870514996246,2.6433415637715516,1.6871331858147887,0.8013635851092903,0.9706471640488258,0.8829759849407385,1.5553901816791615,0.8818098426786388,1.7957579158902444,0.9366212442074728
2008-05-31,0.939713009767112,1.4430248943557975,4.058517954926333,1.4898146194967063,1.8518172452777817,2.5972216914966575,1.9799025340170222,2.3750089850178515,2.183925420740531,2.6917798665169457,1.680474092798491,0.7847392063583919,0.9871918275483839,0.8968101532022303,1.5812419386630572,0.893455713592221,1.8412634017487195,0.9594275902531996
2008-06-30,0.8835902457091297,1.3456598513474056,3.791234588537456,1.3590046334766517,1.7217465686344937,2.3869545570262094,1.7812753627569315,2.1112863272837012,2.0075482457263236,2.4674301021261527,1.5753634516820763,0.7136177595376376,0.9148879898707127,0.8188994939083002,1.464620894092046,0.8149383413070717,1.7169114849535343,0.8807849282238601
2008-07-31,0.8519790287236134,1.319372448607927,3.2944916936052415,1.2829114505121633,1.621708922845027,2.375734377178896,1.6563159230065105,2.0759225501227285,1.9251694605414318,2.5089866085170707,1.4428325063986145,0.679613582943114,0.8508129316700755,0.8014588879490986,1.3619853293959971,0.7960658312261117,1.4919547956585062,0.8850815140563919
2008-08-31,0.8444006326767833,1.2632561365612693,3.1812645925952863,1.322129208737185,1.549224511280469,2.372181777989317,1.629942059182504,2.1325490191207988,1.9242866116834003,2.5830182724813824,1.4451405577662542,0.7027855138478922,0.8362438806637216,0.8118005761888576,1.339990819735062,0.8086372827527786,1.4406783827665832,0.8973246546330792
2008-09-30,0.7868304270347356,1.0833228757720803,2.420776764588998,1.2073822959938125,1.309452986606109,2.189018436523984,1.366130432190804,1.9527801114567827,1.7042317846745627,2.3782499423768635,1.188932419582005,0.6124180923197151,0.7086471483036523,0.7308105156899132,1.1369497497898715,0.7280968489011703,1.0962812594603568,0.8270254834446982
2008-10-31,0.6501624373899312,0.8560661339740635,1.9923946960969052,1.034649099642797,0.9651756692872417,1.7107226991536784,1.143043940080656,1.7206355554300283,1.4536406274917595,2.146125849848074,0.9554276098858083,0.5419572798717732,0.5763298317665128,0.6208387760734427,0.9257985723647014,0.6209707459924351,0.8628015772785127,0.704034939537968
2008-11-30,0.6705430965037049,0.8264400340771575,1.9036576990138931,0.9620279186717121,0.975391109425028,1.6416675152616516,1.1476581947281286,1.6399148684029545,1.435328041755167,2.0477049252787785,0.9037467056018461,0.5267095114839955,0.5700613180288647,0.593307652362031,0.9162888479944802,0.5932985392505936,0.8719334878145347,0.6735875157449769
2008-12-31,0.7004545319844558,0.8475073109584292,1.9210121270005303,0.9591691361150285,0.9946094983243373,1.7155221652565715,1.1157446621749867,1.6357770231315703,1.3944720279647802,1.974440624330521,0.9107303746585248,0.5407800946726514,0.5724254340513635,0.5988372534280993,0.9191007809048578,0.5980585772287843,0.8560498373617045,0.6494874035367638
2009-01-31,0.6267415904483209,0.7798621753593845,1.7567350902580428,0.9086085636356335,0.872509278329924,1.5722906103014813,1.0066421389170204,1.5400610962357086,1.2872150774361644,1.8925591126583998,0.8557298848429447,0.5050104073134452,0.5200861298183835,0.5606962731123364,0.8358109633681529,0.5606731183472318,0.7754749624309145,0.6225526809838263
2009-02-28,0.5688684585505978,0.7438412698053488,1.712310410293193,0.8588627366304831,0.8019072950162099,1.4188050515826096,0.9304937073932222,1.3978414750739094,1.174405361857462,1.7147885099161229,0.788254429535826,0.46961485146021265,0.4818873511179564,0.5181838906122967,0.7730978780156587,0.5178743857109878,0.7229597210748221,0.5640754769709702
2009-03-31,0.5788731692127785,0.7630614420551153,1.9833254217097545,0.9283346095238914,0.8437628442242404,1.4815991738530303,0.9732493422442772,1.4509774376176223,1.2088356096683643,1.7565388928609498,0.8334493987131015,0.47530399105649845,0.5108534865757449,0.5376555437082344,0.8172041163362856,0.5372489106868772,0.7945317576881527,0.5778091631002735
2009-04-30,0.6377951901521594,0.8212423477961381,2.2481858859516795,0.9860395741840069,1.0086797697149372,1.7256965179063068,1.141824377791528,1.6577518410050307,1.3988330958751072,1.9706985658025065,0.9557507483804689,0.5187385218259528,0.5881548837484233,0.596705353171285,0.9403895657789443,0.5957214160022338,0.9048960887709352,0.6482564625566739
2009-05-31,0.683330734036,0.878172901875925,2.4015025938673285,1.0023300158810635,1.0783552074549512,1.8029340936507596,1.2286358917931628,1.7434745845139221,1.4798436479492862,2.037946494243476,1.0571891073175683,0.5376995791287893,0.6321433144866919,0.6218651640603213,1.010771288362264,0.6200425003090717,0.9666061502934408,0.6703775037762149
2009-06-30,0.7273818894802297,0.9117100032202379,2.5084461105099662,1.041338720338604,1.0603173478860153,1.7656088171270121,1.2002217498133512,1.6962231133304444,1.4961174275435407,2.0548648946128454,1.0307400030843863,0.5194157730233359,0.6379508283960367,0.6222384048416554,1.020471199077981,0.6198705922882712,1.0096509761390435,0.6759427701065825
2009-07-31,0.7405328429742437,0.9307743988412014,2.8016641825332753,1.1206326151230135,1.1648562763406023,1.9196565272096024,1.3111480233673471,1.8337502189539168,1.637162793988019,2.228732394427371,1.1309912504548196,0.560105797114635,0.6929763681187504,0.6666594727589228,1.1068258115629415,0.6648982729309166,1.1276714157249494,0.7331360579788146
2009-08-31,0.7825819393431162,0.9446373213360081,3.0914889245882784,1.1979288385858706,1.18861032959189,1.9189909292083842,1.4417891301719026,1.978432612971763,1.7659823155991823,2.3398732010961023,1.2069815115950482,0.5997436490879827,0.7421931944665244,0.6981100527096975,1.1855662059523577,0.6980118208871177,1.2443260380822105,0.7696955538992004
2009-09-30,0.7558732121958844,0.9011241501047855,3.4548982510669464,1.2748757517097784,1.2490994013546133,1.9856972656807848,1.5391846062520882,2.0801683418805115,1.847384870497082,2.4050080706900294,1.2488435565224734,0.6187407083280698,0.7771558123527943,0.7171761004794018,1.2375281016348305,0.7183068661801375,1.3905984972272967,0.7911215095906305
2009-10-31,0.7504899722851113,0.8820139435681481,3.429909799983516,1.245832400779392,1.208064712023203,1.9099729514789314,1.4897520087400113,2.002370987436511,1.843870592372463,2.3786132497482275,1.2535981627555064,0.5998035228979488,0.767128268269703,0.6979194720020702,1.2223201893306643,0.6992192380999329,1.3805426015792968,0.782438997941985
2009-11-30,0.6993044530412915,0.8271186904848019,3.4192883403372623,1.2644904535582944,1.21765843385395,1.9682890729690832,1.472798752782586,2.0248198042612353,1.8099391547910475,2.371871961732925,1.251144678093569,0.6052908799709027,0.754969607145198,0.6980120462628687,1.2009298154854915,0.6999464793643063,1.3762674519725404,0.7802214677738966
2009-12-31,0.7460932636405508,0.8915356275255557,3.581848979442219,1.308040120225459,1.2490927050836158,2.061974923396731,1.5215262288042173,2.13591602865079,1.8733242667046879,2.462675401604231,1.2979983145124347,0.6230842447676496,0.7859006328565128,0.7308728565809489,1.2505509642508732,0.7319178790558554,1.4416982943886962,0.8100910367381282
2010-01-31,0.748841136690475,0.8838280957799124,3.2862869532090513,1.2372023572816258,1.1485150359649936,1.9813918620879554,1.4112667662216716,2.0696464546513154,1.7881035333293658,2.435401949383439,1.2164144654512765,0.5970216895478822,0.7413445426851567,0.7082388531087231,1.1822900607485856,0.7087976133221904,1.3227342421486208,0.801119501483999
2010-02-28,0.7387929377302811,0.876189730608995,3.4427786450598106,1.2571879626342986,1.1331570479659,1.9715570910651292,1.3856478108853916,2.04947839043408,1.8579142414763978,2.5156533991090515,1.211508360031212,0.6084699997328779,0.7460007524021063,0.7135424978607783,1.1893588697850195,0.715099539535032,1.3857223263816905,0.8275180191553129
2010-03-31,0.78958830806145,0.9607721505361321,3.687495159797239,1.3255033572050126,1.2170682912583743,2.1403880866181932,1.4643112108639644,2.1895655732681054,1.940997064073702,2.6317133678594486,1.3129680241161652,0.6402659536609444,0.7956249114718551,0.7614985997246585,1.2677882704717591,0.7618814884611438,1.484221002325487,0.8656956613843936
2010-04-30,0.80999932549293,0.968792773722539,3.4280872209256525,1.3091635718681827,1.1438449575393665,2.148851454482542,1.342383147920156,2.147638313275836,1.801996910686324,2.582664088763039,1.2439526626317792,0.6260712828808042,0.7542384727607065,0.753885974132416,1.2036115954207691,0.7534061535632375,1.3798090114323665,0.8495610212574062
2010-05-31,0.7344363979139344,0.8648284342601662,3.097543965639259,1.2075842938338268,1.0810562764838496,2.090584967205108,1.2370485013944594,2.0387725548929034,1.7381198124517359,2.481064105228196,1.1707878629057766,0.5762301001528812,0.7017767761900394,0.7059314111254401,1.1208498665190825,0.7054529716592607,1.2467649746504779,0.8161399557200224
2010-06-30,0.7341895913200851,0.8311143753127528,3.1004184822162077,1.1727022566147118,1.138122027869131,2.102904090907233,1.2774055367715444,2.0096778138130444,1.8196650636587615,2.4269147131105195,1.1617405183882046,0.5423015199970842,0.7164194471542997,0.6874651043781245,1.1443908969635874,0.6862709788269344,1.247921970847125,0.7983357889396959
2010-07-31,0.7583512704651932,0.8371285282292574,3.3109856059260663,1.222368136587657,1.1814300064770589,2.170630254326509,1.357442909835136,2.1238477581133695,1.8960641907848916,2.4967215878931874,1.275023497258735,0.574567935808315,0.757139542206793,0.713458922733696,1.2088479460561499,0.7130335704632457,1.320621734670578,0.82129882350864
2010-08-31,0.7281981990446208,0.7925169132607794,3.4262527770145432,1.2099800364998325,1.1647373870023925,2.107935489898072,1.3328433675560662,2.0540241081971367,1.9535738982732305,2.4763090538178107,1.2664193521203406,0.5649596825529883,0.7554213322091088,0.6956125475559353,1.2054510912828664,0.6961540896753586,1.3638128676021688,0.8145841019705115
2010-09-30,0.7803595082222147,0.8222059744026229,3.757186832609876,1.270983293996303,1.3043531817362712,2.2329410284855387,1.5066438059637324,2.1974600976316236,2.076911817892291,2.5514352276078567,1.3678649914508358,0.5918716424582136,0.8261444262170042,0.7298118384893753,1.3163490003487197,0.7301820947568615,1.4955404874603724,0.839296924756866
2010-10-31,0.7544397056832584,0.8011463502024327,3.8597128111028858,1.2945581692356594,1.351353464812363,2.353597610506704,1.5339383755701572,2.276827003752826,2.089811339343973,2.6083694054772324,1.402275838561467,0.5943905943260542,0.8371032078097702,0.7431501033916481,1.3314856997920856,0.7434912375576276,1.5230602891407434,0.8580254740385692
2010-11-30,0.792712068941252,0.8477582041516172,3.849054919850272,1.2837197972651193,1.3168066833110779,2.368301491043513,1.4151166813184715,2.1728901725559893,2.088356925005402,2.5633634835775116,1.334693462496422,0.5707423479936339,0.8226005404877536,0.7373741686484013,1.310550633580297,0.7361566767185955,1.518854636614954,0.8432207353418717
2010-12-31,0.8349448260433856,0.8834145996246282,4.011442395488454,1.3316012936597104,1.3873408287723448,2.468934164658585,1.5022895103977687,2.2826822174882846,2.1728910922762545,2.6332595510204664,1.4417727311237583,0.6006934860141206,0.8680269162836771,0.7683590124469445,1.382819998666554,0.7669420629680346,1.582933475560397,0.8718300666970208
2011-01-31,0.8474152530477586,0.8935458379548954,4.070910676632315,1.3330049179038945,1.4411597770969848,2.5129454400580022,1.5931567947341339,2.372891555088957,2.1893818111565198,2.6348563540083907,1.4677088566660266,0.5889602837446688,0.8903955927474103,0.7748825118955489,1.4172196107783406,0.7726368398120474,1.6063999306845,0.8800357377522149
2011-02-28,0.8946820483788378,0.9314581095801334,4.1741488513711404,1.3608471898271446,1.5123135598255488,2.571164171518547,1.6784829749099937,2.437796955736108,2.32510495945461,2.707292116344476,1.506019005175895,0.5940220907612571,0.9307841801672958,0.7942445136699141,1.4829854194932652,0.7915567300565924,1.6471381855659941,0.90220609301579
2011-03-31,0.8153506488311028,0.8635689329570564,4.398992371952927,1.3677136796045202,1.53167367879869,2.524551189900609,1.6862157950656436,2.373624968548201,2.3264799413731247,2.644007468539989,1.5052412668074104,0.5764648558055105,0.9280972250828868,0.7723731174643309,1.4735813934093136,0.7704848300336248,1.735862464865641,0.8836737528703004
2011-04-30,0.8226356576673103,0.8467973419603547,4.4095862624500315,1.3573353421932377,1.5974927540023642,2.655920377601558,1.7272094377869522,2.4528463263058473,2.4716947823170536,2.738285237087442,1.546380133914863,0.5851352076266323,0.9541419187657769,0.7864175246835533,1.5163562234243053,0.7845501543909402,1.7400428624012376,0.9225307120183559
2011-05-31,0.8197124117314774,0.8333234894572691,4.2941748043349905,1.326540429933509,1.5752557463381838,2.6071461720972158,1.7425588215941004,2.4637429023408273,2.5606977905927932,2.7253320871395617,1.5299652993557227,0.5740806161679738,0.952652566026489,0.7764373641757087,1.5164676879021155,0.7746143068187443,1.6945009743464574,0.9116661396631712
2011-06-30,0.8427613682438457,0.8408945912239906,4.258764743383422,1.292351415598973,1.5744965186847515,2.629854692345733,1.7229085362061376,2.4586069671451467,2.471596158360013,2.567280741559861,1.5149735423198445,0.5616386161011238,0.9468602835055681,0.7648259403477135,1.5072496183951185,0.7614785682238905,1.6805280027004201,0.8953615308039184
2011-07-31,0.8602878453879506,0.8298483167693652,4.013279728757076,1.2487958969296564,1.5299196344642767,2.5457426030204697,1.6288716035804542,2.315388057911389,2.408241767783367,2.3641017244908564,1.5006036505582276,0.5405372618926694,0.9224224163303694,0.7324754281484533,1.4715058411623765,0.7284541907406872,1.5836584956529034,0.8480410340158029
2011-08-31,0.7961832622146549,0.7624326098912863,3.8285919653119276,1.2225097622844365,1.2265387358952762,2.1463022144802983,1.406411334289916,2.095009638675002,2.0277866904059403,2.2509439679944494,1.3419529465189552,0.4946759267909511,0.8118683559260934,0.6730128372740517,1.2945163129299126,0.6710790221077306,1.5107798613710048,0.7149789405726673
2011-09-30,0.7982413205375873,0.7596885728294552,3.571152667104882,1.1442395455747796,1.1552613192027301,2.0264727840927392,1.2904737568144067,1.9270882606701623,1.9606024963222364,2.224123885909812,1.2829629423642228,0.46561680276904543,0.7736707420064441,0.6422487772535113,1.2369134566090292,0.6404547772530076,1.4091931394689226,0.6750612073616113
2011-10-31,0.7900749187023363,0.757903106679318,3.804142355886723,1.2229794835319585,1.2550414004099268,2.2298112798584824,1.3680111509101025,2.06979954348556,2.01967219749286,2.320812721818919,1.3798196620993541,0.4927913389572159,0.8132683891002782,0.6789314218248035,1.2963578147377133,0.6766772741401091,1.5011319339155187,0.7320560428995473
2011-11-30,0.7518581510236314,0.7205385960714269,3.6809666722988603,1.1797321290000415,1.2041456382498628,2.2090850782871185,1.28023140588535,2.001686683013218,1.9259379877039904,2.2768895078655325,1.3503085486394066,0.4821422855860526,0.7789392864169323,0.6599891685362897,1.2413665115435732,0.6578196477011408,1.4525262470569589,0.7222121222595153
2011-12-31,0.7632971708789257,0.721101958233002,3.7282268699818433,1.158259002277089,1.151974054987371,2.1580021553008666,1.2520664255384752,1.9980890662381459,1.9839734569823244,2.356322028575186,1.352402388704412,0.4782127463225015,0.7782137178687096,0.6582726586454953,1.2425726416201905,0.6567806438800251,1.4711753367355571,0.7174774976763632
2012-01-31,0.7723669356195054,0.7413394269439448,4.035467886230535,1.2161373064470886,1.2838227764233667,2.3530968478194154,1.3504923701585207,2.107107689740068,2.0717738970208526,2.3951127091077757,1.4161110155224745,0.48568330279990796,0.827334536136074,0.6862586402459282,1.3166506093353538,0.6833477091644037,1.592414043848047,0.7823412196398996
2012-02-29,0.8094131830569227,0.8109440199710266,4.057481267487738,1.2434276589767692,1.3518310929035353,2.4858987262806975,1.4092178632471777,2.2060327713563854,2.142735940717405,2.481114796963158,1.4800787743313835,0.5006083978894122,0.8589525869270217,0.7190107080518842,1.3676500766735125,0.7149188458428213,1.6011006245506616,0.8191906233173355
2012-03-31,0.8506683629153977,0.8381099573764585,4.041165102821728,1.2561050875089868,1.3633451015822742,2.5184419676381107,1.4006159685085744,2.2026570427119663,2.188767955247384,2.534698700878961,1.4904441954952135,0.49177804119967594,0.8700971282582827,0.726106513080619,1.3880383605500397,0.7216891534029336,1.594662191514298,0.8299147601820066
2012-04-30,0.820993479133805,0.7905627089237516,3.9393893717898276,1.2664130845345194,1.3055204429873004,2.481383727738886,1.299427860590433,2.104536660328556,2.1105031076935417,2.511321813668057,1.4739998364489393,0.4820239270472728,0.8379733056731583,0.7095460262063416,1.3374627591152959,0.7061549550037343,1.5545010235934484,0.8177027732972837
2012-05-31,0.7418856070959594,0.7096807290264957,3.6791244704503088,1.1789211117644873,1.196467674281908,2.3277424423616835,1.2173435949259157,2.0170824261614775,1.9957991622035915,2.425156095165816,1.3502087686639395,0.44664485133247317,0.7754804184514015,0.6643034396444907,1.2373082201692756,0.6618613778891365,1.458883771047421,0.7670725931516362
2012-06-30,0.7957273596756834,0.7568262029698224,3.810109015107902,1.1809016784413024,1.1893826050249554,2.36513965488324,1.2597558328436078,2.131708211907222,2.0036297635296374,2.4857060575180516,1.4219523452037666,0.46434968263304083,0.8005741043742145,0.6870682757341292,1.2788840354643545,0.683971415327545,1.510823091935798,0.7793962833776256
2012-07-31,0.7670726498606899,0.7263693760621147,4.026032980240526,1.2252291745435182,1.2591977409269777,2.4822899438097945,1.3034692543089992,2.18613788824809,2.118695402880851,2.6021175410084774,1.452200927789403,0.4654963720376748,0.8262939268723887,0.7009998926208965,1.3172816588395204,0.6986444707755366,1.5969067532279546,0.8171105103530875
2012-08-31,0.7700967179242599,0.7235835792959099,4.087503881490682,1.2499239825092718,1.3336434675684257,2.5371754902734382,1.3994286999930037,2.2661675748669956,2.182783291227509,2.598719179314292,1.5149224004994455,0.4685205183888179,0.857333676619401,0.7103733449186709,1.365027634838946,0.7075835040145867,1.6304368732970647,0.8258291299634603
2012-09-30,0.7748131130076911,0.7358893399623162,4.125616709389568,1.2727341355314123,1.3761524357445536,2.6044842023697927,1.4023507324955478,2.2587859860715382,2.2397102068256034,2.6483321745008284,1.5287000045363366,0.46895302776363257,0.8694200153490743,0.7196723780954577,1.3840883221886853,0.716715002790999,1.6456394423351903,0.8448979863906464
2012-10-31,0.7594563938391399,0.7396240663164855,4.29616979900846,1.3103703732260032,1.3840206586602777,2.650254453798665,1.4152852140374945,2.3064000884183913,2.2579239304464025,2.687456263120557,1.5358313877849834,0.46942623587315313,0.8765577043637804,0.730357307352999,1.393920449306989,0.727376790574415,1.6905263755229267,0.85894303877743
2012-11-30,0.7711920630642456,0.7754872142688523,4.331148980424852,1.3121016011483204,1.4436462086842021,2.7088138023961688,1.5010749109167039,2.397804769462424,2.3696544692451527,2.7684766257489297,1.585242089248763,0.47473710256355345,0.9070835807452187,0.7489810880227619,1.4421829187774013,0.7453219261194269,1.7437619489226537,0.880518094529989
2012-12-31,0.7925411462845301,0.8429510723556348,4.489797444143238,1.3544825576847372,1.495372575393823,2.771076160899335,1.5500970755415666,2.445311944622132,2.3682471097208704,2.7723228892903675,1.5840915415843893,0.47503285025476044,0.9269610444067841,0.7694664277580003,1.4721615449454273,0.7641213580037461,1.7765832307662457,0.8939629032051445
2013-01-31,0.8313625218936497,0.9201600058575201,4.6341580926844514,1.421331111103592,1.5419578443402282,2.8511378919998247,1.602176129944377,2.5219388800218745,2.5417838555365204,2.968212340365271,1.6302648222572602,0.49914400146610577,0.9653235227100904,0.8108369366587862,1.5349810195494407,0.8055328969764084,1.8713421590787471,0.9331573215373459
2013-02-28,0.8482390916066173,0.9560978282030462,4.89338423763248,1.4946703316271486,1.5012092050302808,2.8631384430661435,1.5656684575455995,2.5417343190611494,2.5540162959900283,3.061609468697707,1.6314190175026435,0.5077725077862791,0.9705597082828432,0.8313059409614768,1.5441089591570285,0.8264631718372313,1.933383160602939,0.946858172018712
2013-03-31,0.8846894477681418,1.0264194370332282,4.8116846540753535,1.463209214281995,1.5163577753909876,2.8788220958762767,1.5881456532248608,2.566498855173368,2.6474573895350826,3.140403327681506,1.6768481226280751,0.5095023354381342,0.9891872387455921,0.8447267535144505,1.5766296048849524,0.8384377535558435,1.95396874311733,0.9600485335965132
2013-04-30,0.9627759171027284,1.1491948465688755,4.78056796734104,1.5173963884366213,1.52930383765925,2.9152676484014934,1.6350090651896767,2.652811591685537,2.64985664726868,3.2056455590789223,1.6887586927780063,0.5088201209848225,1.0102655713714082,0.8760344239354897,1.6133055813996093,0.8672607169434897,1.9471758818819098,0.9809558592620214
2013-05-31,0.9738224648453351,1.1187804413540858,4.336816380441438,1.4484037044493965,1.6315571679465715,3.064719279351712,1.7286372317336816,2.763346558337294,2.7265111873683305,3.2203763278201274,1.7540786723598993,0.5171840226334433,1.0288517615202282,0.8821712931983033,1.6437077370718962,0.8725118339023208,1.874927395002384,0.9954666327029945
2013-06-30,0.9477068204062631,1.1161531996529568,4.100957381259349,1.411961596297185,1.5568302991528447,2.9523028735902592,1.6370025138762634,2.6420641938425975,2.6023866291939686,3.113713392277538,1.6385684855787606,0.48923376839544924,0.9788853880662143,0.8534649399960276,1.5649766122210416,0.8432969382952505,1.7814035061912679,0.9586383474396643
2013-07-31,0.96574393939077,1.1160767982105546,4.272548397349261,1.487777259293021,1.64426762094914,3.0696070154167674,1.7814940512003559,2.831857772293534,2.7313708421627476,3.204388196874394,1.7842910496250417,0.5179236981353228,1.034975577902739,0.8894468730336089,1.6528931375464169,0.8798389318787088,1.8696966624226583,1.0023060284078613
2013-08-31,0.9302466382750374,1.0904864231676967,4.512996973167469,1.5258112432805726,1.6323239733796913,3.037787304635908,1.7674876909513,2.8008081900852937,2.714294370085092,3.172993717830665,1.788384468967232,0.5018226427651161,1.0350510164213178,0.8806146592354641,1.650157471011945,0.871702709325752,1.8580073588844157,0.991920302978755
2013-09-30,1.028186888019828,1.1888397683280676,4.724547619559962,1.5598550863462632,1.7521349480158537,3.198497997662539,1.9095845321478322,2.9685756533327736,2.868062946351253,3.279127178606094,1.8332045391670042,0.5035011836785838,1.1019268762770094,0.9190830711242178,1.7578597579739006,0.9072143487434876,1.957307178096286,1.0424079594789737
2013-10-31,1.003107322939676,1.1867807929810568,4.815169208389475,1.6196726384757416,1.8212774396001812,3.362758386381896,1.954714947729415,3.074040995372314,2.912019458144618,3.365480464757994,1.882686693555188,0.512919834889707,1.1203295742554722,0.9449000381144295,1.7850399992070436,0.9327913508037695,1.9913608813939743,1.0836611169914472
2013-11-30,1.0205795158580449,1.2459072388126866,4.566510850844852,1.5937538807866913,1.9169576476333705,3.4864936491041623,1.9932502382821302,3.0862606612483456,2.9899528746500685,3.3805211910333695,1.9013873442676061,0.5047532236033925,1.1342817408588675,0.9548429984583362,1.8068495475817001,0.9403076183846781,1.8885257566836515,1.1022427485461557
2013-12-31,1.0540337694819122,1.2899405372702755,4.539633140795989,1.6039246668069205,1.9267027377327233,3.5286980661614997,1.9878540762450416,3.0995756458531454,2.95059645951256,3.374200575280831,1.9454916006758427,0.5096558525444839,1.1417118874331023,0.965344140979013,1.81970439602691,0.9496123694453075,1.8774102136868442,1.1155855270910187
2014-01-31,1.0099808611168453,1.2147704328199995,4.471579846237993,1.5567870366718002,1.8932382383453163,3.456670383189327,1.9567709919347476,3.041676561576341,2.9888511210572086,3.378887678003721,1.896571045960189,0.4899521840560557,1.1223082375410207,0.9389538364648049,1.788819645284014,0.9249289295937017,1.8492661002055026,1.0928142275445363
2014-02-28,1.001431575940919,1.2063369756343,4.7497518161481596,1.6315724090608947,1.9891931362248823,3.5925198244352328,2.1009474053484154,3.2311684330096435,3.1386613077287473,3.4964309923540635,1.9963323369536863,0.5097080648710965,1.1748381892690423,0.9730385878168661,1.8699727979085143,0.9594744763578934,1.9643068714029668,1.1357625523022257
2014-03-31,1.00170937745546,1.2074356714566472,4.887798932568548,1.636227973480657,1.962653813436089,3.5513955541446576,2.108516096824968,3.248930400113378,3.14835876397862,3.5153950863512775,1.9523894640574249,0.4904444160869238,1.1749713594102014,0.9674346023714163,1.8695313427653006,0.953980490089713,2.0084959331385757,1.122761258372238
2014-04-30,0.9763567560534749,1.168003459475276,4.950611152026807,1.6568289129493616,1.9568781953318974,3.5610943004034676,2.142020941907892,3.3189902564849803,3.1884358740071663,3.5808488285244824,1.9898819964408618,0.4929873984755261,1.1813204900719076,0.9719544346570769,1.8790613843395065,0.9600939059441218,2.034219151538403,1.1258274830121453
2014-05-31,1.0067572356328733,1.2068678488729376,5.014823262224381,1.665375679646597,2.003312585085817,3.6846860495990907,2.1687779762734936,3.396882963012549,3.2418352855692882,3.6697248819205726,2.0321271945696076,0.49733637134327463,1.2046132425976108,0.9930538042234889,1.9164877562424945,0.9801923870707129,2.065411495169678,1.1601670095904664
2014-06-30,1.0618779306525545,1.2682483282910657,4.952010587672923,1.6379283702969463,1.9788809646135057,3.658290042852865,2.121025590699798,3.339182822639443,3.1881319728909236,3.6158919801830796,2.0113060006588612,0.48331414036235354,1.2008387657092767,0.9876522757417169,1.9121189574063917,0.9722107620629238,2.0346700045754806,1.1470450983023954
2014-07-31,1.0725526389629259,1.2952851623547292,5.128287123804167,1.7078509911104318,1.8677941350744514,3.5133483034507695,2.0177228611376985,3.231701092603729,3.0706246838051294,3.529140352655978,1.9488241461622542,0.47462341641266714,1.175398249228569,0.9794591272507951,1.8728403780458316,0.963557504083069,2.0214046864151825,1.104758716895418
2014-08-31,1.0195765743941143,1.2850615427763976,5.019146259298441,1.7181574712384426,1.8175261560286553,3.532343481584998,1.9928491540564468,3.2963091959005952,3.071887804085876,3.6321704734209215,1.9373809466803134,0.47964053698957354,1.152796171438922,0.9897932736393281,1.8376032093205985,0.975285966843573,2.0127445749557387,1.117143814440331
2014-09-30,1.0566699428965352,1.3387004718763535,4.618179842659718,1.6281222694985409,1.782087672526474,3.5226596150815115,1.9602352340029652,3.2975988398988894,3.044382840271684,3.6589547259678072,1.8628948324306762,0.46365427546672244,1.128439419502473,0.9833649672913889,1.7993105121169741,0.9664874768999511,1.9303990805078886,1.1155339803664694
2014-10-31,0.9863233508083795,1.344939927417432,4.730383447819764,1.6907303072554387,1.7212064244903187,3.4601222249121175,1.8722478215944074,3.2036958882228843,3.003708932919887,3.652264547937891,1.8157062724017197,0.45683664560611215,1.0983443348107216,0.9801449967246234,1.7524758674676681,0.9640056077848741,1.9046083447587787,1.095730027841871
2014-11-30,1.0141601975231802,1.4171584207486305,4.370550369852055,1.6354903035010753,1.8076359134201785,3.67474489628166,1.9319917919242011,3.343772013914624,3.077874803045644,3.78316197394943,1.852181514032243,0.46580343850305256,1.1128167234014712,1.0099157614188052,1.7741827477300125,0.9910314915581002,1.9516358491849475,1.1636954031636106
2014-12-31,1.0244994379941492,1.4189716054146826,4.344635366141277,1.6617729847047067,1.684035820576943,3.637404537058274,1.8041684717678037,3.3172020182004416,3.1502673693067758,3.7472170226707773,1.7640227120486256,0.45468584655186106,1.084189582837157,1.0041715869179497,1.7334377108613805,0.9850767896968398,1.9975389273055768,1.151870689991085
2015-01-31,1.02829016250115,1.430643708452603,4.334907936775247,1.710920351073947,1.783990774061326,3.937630264590782,1.8954086160322994,3.56186521173147,2.972947557029959,3.5030904857721574,1.831293316034323,0.46245582888415715,1.1010369733667766,1.0286123320936764,1.7545373204659735,1.0037729471877808,1.8851030016897132,1.22020298088709
2015-02-28,1.0883371066678151,1.5340766484398956,4.5808033920978035,1.8217295025258464,1.809306535339755,4.185045224275014,1.933643009652715,3.8069751635699207,3.0807518376768974,3.786298216460012,1.8424794922930905,0.47269440956145664,1.136243028111831,1.092334388548159,1.8116369399283736,1.0657386755740488,1.9534601351890903,1.2968725641228673
2015-03-31,1.1208504670480288,1.5690643310705024,4.59532312657436,1.8212173121960242,1.887277586593672,4.37576864457023,1.9615166842903844,3.871287446031059,3.2053841310288087,3.8590569528243646,1.8084466822738035,0.4601912693416434,1.1575546941371204,1.10649054339468,1.8446351550542541,1.0778162906119568,2.032487667898035,1.3559744275105894
2015-04-30,1.141001163068184,1.6146008158048455,4.615742954769267,1.7911430268615978,1.8830161374724155,4.240336087510892,2.0456020718663233,3.926162745751978,3.327221346312852,3.8897165519819183,1.92084017939064,0.4703872953599368,1.1890383620532645,1.1112546150355072,1.8969160717334992,1.0820677746173857,2.078480501802748,1.3140062388467053
2015-05-31,1.1679454108739757,1.691519128915418,4.53509038863758,1.7972529546945077,1.8962822025491237,4.259404443071681,2.073917081691552,3.9705035622537515,3.3818729158957344,3.9551770412321874,1.9482078747641085,0.4701119788957094,1.2004732593141758,1.1266426755042895,1.9155004082184728,1.095550933771733,2.1058821023961203,1.3199151898483066
2015-06-30,1.146893134333665,1.6563407717166725,4.126451819394678,1.7046976443316006,1.7909492292040796,4.123195529092574,1.9475068139849527,3.822071379089292,3.148519960111964,3.775696321269528,1.845975199901552,0.4428187494584774,1.1312245897877609,1.0806206790878956,1.8048939015127266,1.0490010074413083,1.9605739180416772,1.2777064217079157
2015-07-31,1.1738361453907646,1.6921866747796395,4.234033915687138,1.7727456446809666,1.874920073877081,4.277582961760833,2.0864866188365863,4.058735374895246,3.3134702238597726,4.027472073764669,1.8890312209154712,0.44974574290356506,1.1771384903613622,1.1244307985232815,1.8762866571633652,1.0923247708379082,2.063287951611453,1.3280498100965128
2015-08-31,1.1133736468980187,1.5659766125421948,3.7968499401076206,1.6448584594767233,1.746788677127238,3.962966530334295,1.9401861280941521,3.752996942782822,3.1140226621525295,3.8019029819756813,1.7569073356434044,0.42236642940390945,1.0940802713099231,1.0471283888929386,1.7442200404074308,1.0181800322628864,1.9390925542647188,1.2291781643096173
2015-09-30,1.0346341470351355,1.455430954276207,3.768495421042388,1.5978692418846916,1.665395091721996,3.792438460151571,1.8675536269343416,3.625882468241644,3.0274812645426397,3.6824739522201284,1.7246758199726266,0.4118532967166298,1.056086896534473,1.0065758984958741,1.6843018303566906,0.9805503448115235,1.8852034860249256,1.1658992155711407
2015-10-31,1.1138492528939625,1.5991449083766678,3.9043045584454186,1.6657836377228137,1.7614176334123015,4.192887762769689,1.937277023343341,3.9350544870791055,3.0498104593754154,3.8608372349865565,1.7777095110520367,0.4259586611728276,1.0993369056813174,1.0761621936860128,1.7519145846979238,1.0443782393187842,1.9614342248668355,1.2831275115236864
2015-11-30,1.143180109586704,1.6296197082643928,3.937617111335816,1.6545796425308181,1.854977648049472,4.367790604332292,1.9857294289825245,3.988604393481925,3.112192473662445,3.883783396617142,1.763577724255246,0.4259099917679537,1.1223308165662707,1.0893420647118082,1.7859496932239802,1.0552232983268317,2.0015541665709407,1.3151060196675948
2015-12-31,1.1551607271953512,1.6018237875027577,3.9183738304751548,1.6989730082795105,1.772278528734365,4.200970080018155,1.898175976634332,3.8382244326489845,3.0195974459374417,3.8204171730280363,1.6728588511650895,0.41816615255001144,1.0916026793583216,1.0710739264854043,1.7375545317562326,1.0391159801436565,1.9865356200864164,1.2926746618910239
2016-01-31,1.1121848114288404,1.495348379320079,3.776650374180848,1.607417295484183,1.6720889367235778,3.889928129941315,1.8627965397847628,3.6994816795959555,2.9307487754636,3.6502936224961022,1.6102557806679416,0.4030185652726185,1.0524160830647742,1.0155026286158293,1.6756975507127692,0.9869110468945583,1.9165320790748888,1.215229180732309
2016-02-29,1.0306842444158775,1.3670496984072877,3.8938732346111813,1.5736730415322555,1.6375673422859038,3.8119972643717612,1.8405951131619753,3.657653287598947,2.8582652519890432,3.5243039859455227,1.606149147301866,0.4008537282627924,1.034509687089142,0.985372933548402,1.6473896158446837,0.9601563177354365,1.8204333831944803,1.1239027591466646
2016-03-31,1.1137134537828417,1.438319707104131,4.165067438331473,1.6493888366695952,1.742013886931657,4.0009390159862255,1.897514866219634,3.7187659006092657,2.9146214738398983,3.534202737601376,1.6347236699814685,0.4036977177002305,1.083203637845406,1.0143469954869175,1.722834583018061,0.9859498062938361,1.9108027474823535,1.1814159689008419
2016-04-30,1.1138574546480458,1.4329413192540148,4.098570054861832,1.6974552774377931,1.7426246373612853,4.031973200171433,1.9196393195943207,3.7896672387839287,2.9463663023885616,3.6297178911930454,1.6695271447832694,0.4041226531408121,1.0883228227810924,1.0279229673086085,1.7318687141685052,0.9999277439355749,1.923918943565979,1.1906030040751787
2016-05-31,1.1847932936745231,1.4804834746633955,4.267861801149091,1.7480594435630468,1.770478492656151,4.142304628215282,1.9611321877490309,3.9147080825969987,3.0595051843145358,3.7443074517078525,1.6465659667447914,0.40544914595657644,1.118657111915107,1.0550261025190708,1.7795503919236058,1.0251713639246651,2.0306626884629866,1.2279204574438753
2016-06-30,1.0902843622292513,1.3499984511416723,4.247665073591659,1.7093832764912698,1.650181454216881,3.9444116903642175,1.8306409003978896,3.733197461479851,2.9642623852828702,3.685531278672911,1.5380006686253849,0.4073588785328837,1.0597318694275288,1.017152559001383,1.6867437881790437,0.9932034701250788,1.868680204398436,1.125273023903963
2016-07-31,1.1873404338742213,1.4345125193887045,4.573065229365944,1.817446212885717,1.778062922564001,4.212671942479402,1.9409529240857777,3.9227449586833893,3.0715016522721217,3.7797120341431123,1.5952882108591608,0.42162350734511,1.1262839863440501,1.0688876213658427,1.7901555860647966,1.041515417702618,2.035028329789137,1.1957185870513414
2016-08-31,1.1805199841119,1.4383280740146707,4.488431054490747,1.7935208773761717,1.8112331383175109,4.306664840846673,1.9496249273190396,3.9546156902564578,3.108544689977869,3.8405185223740648,1.6335419434789107,0.42864494008255355,1.132837305635768,1.078271213140731,1.8010006430180212,1.0508955671986295,2.0364654378274976,1.2052138496276175
2016-09-30,1.1630509669182696,1.451327653208759,4.520787512101261,1.8027009097597917,1.7779506505547136,4.326895827853227,1.9204177552754984,3.9866175350038326,3.0562182595012737,3.8404596270030162,1.5475292496192667,0.4311928591638204,1.1119869456667872,1.08417925648801,1.7660369989769302,1.0562895116192679,2.005084283752236,1.214734543120154
2016-10-31,1.1692991636929486,1.5248435101241826,4.378289606170863,1.767772685856466,1.7496282777879155,4.366599053570076,1.9095926936040533,4.064232487732087,2.941353194179104,3.738522428364379,1.5598646884896619,0.42964537832452626,1.0976556658800236,1.0895625132577658,1.7420630449121424,1.0574884470951083,1.9697431451343528,1.2446667931161712
2016-11-30,1.1470711064464143,1.6002922851926544,4.372545971828785,1.8110592229547628,1.6969361740745332,4.356181791320241,1.8802402948982735,4.114464268435101,2.911494326958355,3.7935566331238832,1.5286928672266673,0.4178378374247503,1.0801034488790622,1.1024881305139336,1.7146729504134761,1.066418889151513,1.932940033034415,1.2488193519580708
2016-12-31,1.2002489919432098,1.6642594581805819,4.623449494032567,1.8874821143576512,1.8298134583497776,4.681553391140797,2.013175348593773,4.390498697957993,3.055417080457689,3.9445153145573357,1.5900579201892278,0.43706569708772863,1.1417272001327905,1.1594062398235483,1.81093035463077,1.1209276865655713,2.0254563790849627,1.3227301555917828
2017-01-31,1.2223405030755294,1.6725910861311943,4.710781805755423,1.8758750825643113,1.852039352664531,4.757887568462104,1.99173973994555,4.362009247901307,3.10796092312676,3.997400323765804,1.6036901763969007,0.4349482955757492,1.1540129502077723,1.1627367874789762,1.8306435728632744,1.1236869180995568,2.050504197555799,1.3256869986677977
2017-02-28,1.2338826380180854,1.695277065969669,4.792303387394233,1.921979573509631,1.9054551343526778,4.905879343154515,2.032216270426644,4.460525704226817,3.198960645071466,4.127648878275223,1.6371653535517607,0.4479449937158883,1.1782597569741575,1.1926375178198152,1.869873386609513,1.153593987121089,2.0948008971492538,1.354334530405352
2017-03-31,1.2603985590061921,1.6950075187097309,4.888753617712339,1.9861529659007453,1.9759152906553274,5.104129179708521,2.1504420740529078,4.735331275423341,3.291196545703308,4.255352184803311,1.6977454750876888,0.4525172795259153,1.2180468310229462,1.227700062253901,1.9330845098259035,1.1880253158699579,2.1428552219960024,1.3677533102397668
2017-04-30,1.2506439511993337,1.7217422558417443,4.856818676629119,2.002960987923712,2.0677933068004184,5.2123555631588845,2.3058290910505312,4.957716167949499,3.4643257020343503,4.431009047171451,1.7391477157487245,0.451897461936117,1.2548878388799152,1.2547731327509455,1.993527760484733,1.2138004820610326,2.1930531361919163,1.4049638573431185
2017-05-31,1.2963791938966398,1.7718792884085979,4.801762398522252,1.951170981932626,2.1474837099599475,5.3587384183967846,2.421574054446863,5.1547439201218115,3.6167968614029133,4.555211511998943,1.801462889803403,0.4711686540817568,1.2954231587618197,1.2844200797633998,2.0590281299235387,1.2428162653202102,2.2867135743519738,1.4512223976709406
2017-06-30,1.3128930744624034,1.826240460628262,4.964401867869407,1.9587635303877846,2.1538768131988775,5.268205767642916,2.4355017726867345,5.081959438745422,3.660890865021334,4.589255575918042,1.7754194040874183,0.45641828560650183,1.3068816913150205,1.2800797379898776,2.07601782562793,1.235899010435214,2.299865640587726,1.4505103225152403
2017-07-31,1.3493356882499863,1.8429577513784838,5.052918504282511,1.9721895671283445,2.1987734252646836,5.2829847251175925,2.477079680758321,5.077041884928147,3.701217095299781,4.679928634290466,1.787007186477706,0.4601074152562069,1.3288909115476828,1.2898267788537867,2.1097407900485137,1.2457224264456246,2.339128023088836,1.4559892700186432
2017-08-31,1.3385826674507326,1.8535384544903888,5.122629458583069,1.9907456872976144,2.216136290072526,5.315727410099956,2.512220437693786,5.140441515752792,3.659590857815446,4.631462589558199,1.8652856704664715,0.465671979584232,1.342283393102743,1.2974739956636503,2.131441512955388,1.2529553557679052,2.351512348259669,1.468575300438086
2017-09-30,1.36664772874189,1.9371974552911706,5.004136691911988,1.9975727802479954,2.31423829791296,5.65788661910279,2.588561884798148,5.399973338065563,3.693701971204522,4.785434501594241,1.8394143371044294,0.4633658717233462,1.3574828062962725,1.3389309484988439,2.153790772950019,1.2893560038983432,2.4191646914020684,1.5348590842666427
2017-10-31,1.4383061729359972,2.047296308678704,5.092288443401157,2.0821295304870224,2.377678838989905,5.858209752066056,2.657534651725171,5.587017968905974,3.727177142319097,4.893144666847124,1.8701256959802193,0.4698540383316815,1.3913897626862903,1.3848379976773515,2.2055142039056914,1.3308989733468592,2.5086496670874197,1.6220914027004898
2017-11-30,1.4617718629545804,2.093711770192508,5.211244674432964,2.1291691267684856,2.3693947905278976,5.834172288787181,2.636944845313206,5.540272347029749,3.7409970544769244,4.908412135351945,1.860700649462993,0.4601185049393533,1.397676795634086,1.388344742416897,2.2146562879589213,1.332198403621253,2.5126734031263807,1.6588667931287113
2017-12-31,1.510318074163955,2.135677779777605,5.524180626083254,2.176785588657003,2.4405235660434594,5.875152653863726,2.7084090850344555,5.563018148122893,3.8676196373653835,4.959044855231718,2.003313602800308,0.48027731324740086,1.4584463060281363,1.4132574655052694,2.312217790621694,1.3576367683952684,2.589125946332471,1.6921168425060609
2018-01-31,1.5704239669555897,2.176595343689517,5.444471964237446,2.177129391150869,2.520905343276138,6.046956976701884,2.8205399895970746,5.7727843607142075,4.006361495639135,5.029203203224954,1.9832002828653128,0.47030350059515774,1.4889613176810856,1.432017884577054,2.360589960841556,1.3728927376222124,2.6934550214618875,1.7245361988833485
2018-02-28,1.5417887664799135,2.111625184676519,5.36374479296796,2.182768527049664,2.406319011635647,5.825324432422994,2.7351487711887748,5.64882966956721,3.7770814931913783,4.833753874221886,1.9265998110741072,0.4561247432677243,1.4406793676585077,1.3951686221503123,2.281275580454341,1.3375293448100538,2.644342408476684,1.6730597536221916
2018-03-31,1.4922521348574573,2.0900832354216807,5.121333551628398,2.1141606142386116,2.3396845657040726,5.745485503067199,2.6857961062359226,5.6259071926197795,3.6502584524121846,4.802182459622419,1.9040919186053467,0.4474297457158536,1.4002638129351248,1.3754058686089987,2.2177250435477656,1.318002219880878,2.5715875624156648,1.6600502989850408
2018-04-30,1.5138445459117615,2.1756819053003897,5.186513436703129,2.1950445580197853,2.336644585968921,6.001606893693328,2.7542157942897285,6.0273258053879175,3.6683930773127518,4.9934411660275675,1.9301468639384984,0.4732506958979276,1.4166057872051463,1.4424980447392728,2.2432602522670693,1.3825472431170984,2.6199377814497895,1.752874578653395
2018-05-31,1.48445117236978,2.1590785985593324,5.2410620416215306,2.236487047137709,2.3145980237370947,6.077627675376802,2.7317449947459096,6.111365910240761,3.572646468378946,4.863035464118305,1.950095907960213,0.48458545007071613,1.4066286969939408,1.4510794844278985,2.2265583205588664,1.390866617840062,2.5833854544827055,1.767904738898572
2018-06-30,1.454751669552552,2.1618409208832094,5.324697580239366,2.311774145216192,2.240563670410601,5.939532023483181,2.6698629147248885,6.029540348229976,3.636430718243308,5.006829038692664,1.9269378333549294,0.4839923453242967,1.394271476032985,1.4576519561252905,2.2094185292396884,1.399444723840552,2.526841777948184,1.7442341223839397
2018-07-31,1.4773048982511507,2.203142559291298,5.340435306646184,2.354859128443357,2.297420416739466,6.218952251572026,2.703046173210301,6.2351288809608425,3.8290355895990253,5.2725334401304345,1.9107806576264568,0.49063981424049086,1.4177054932785043,1.5027629141614869,2.2479353879158315,1.4423301938577753,2.5615800055668143,1.8037070694495139
2018-08-31,1.4491440711930625,2.2009393819535936,5.353862936044722,2.4102003648717467,2.275083102384408,6.154908857324817,2.71554491724387,6.260372597074449,3.8451834498629136,5.223733518484355,1.8829826913181915,0.4765334245054217,1.4101497022294842,1.4973141147546034,2.236431503216504,1.4359991187393755,2.573424617445221,1.8110096080309253
2018-09-30,1.5183631706295424,2.336540854230713,5.21881992071439,2.392282523214802,2.1975348166207396,6.099894300981797,2.7000291129512926,6.382036010441961,3.7583127375441587,5.277093922691704,1.8856872202250048,0.4795604756615642,1.4011216033909515,1.5175875862156454,2.220902835078852,1.4531263158713865,2.634091784452114,1.846204575604799
2018-10-31,1.3714711510705355,2.1429886988876214,4.9806098872566205,2.2485739987147433,2.0396083269656398,5.788310286651771,2.4817035710250623,5.998632798471432,3.6452471293848148,5.194001858519837,1.7689379993691532,0.45451222758318444,1.3107232641916544,1.4361331324529498,2.0804384326744945,1.3772246734706146,2.3977130771076616,1.7352931418423703
2018-11-30,1.4220828933792995,2.2194173433805853,4.818424945911815,2.211218376862159,1.9973554356874605,5.7217223808887985,2.4373848277351846,5.946769376274157,3.6486482159188607,5.190512036729029,1.7074404687126106,0.44773649933060683,1.2958538515463018,1.432141200374997,2.0554897716969998,1.3712531988958823,2.437272317545337,1.7202900163177774
2018-12-31,1.3166440460613438,2.01008005572149,4.780019225191093,2.211442618522298,1.9363822489102527,5.592002697530692,2.4040564074579494,5.91216913868257,3.484452266836063,4.988444212661081,1.6662576141006809,0.4294159656752607,1.2536442516780923,1.3837927032240867,1.9891880481577315,1.3268207069063231,2.2734632718247436,1.6628827238227566
2019-01-31,1.3603303206171626,2.1236308231756627,4.947855015091163,2.3067503816385746,2.041022165594764,5.992094410376303,2.5165440810940756,6.292315879047787,3.684413434819269,5.376510666777859,1.758086732517015,0.4501723386975605,1.3124859887387588,1.4671809151418629,2.083788676649941,1.4061496148044228,2.348896826537282,1.765117088604651
2019-02-28,1.388650434416872,2.2016454319642924,5.177679640604728,2.4441130787214327,2.075576006441743,6.189030044118271,2.5966953964036446,6.59300043131068,3.837792179600581,5.640977483704633,1.8263095044838795,0.4631514546818179,1.3554658659804861,1.5295256408961326,2.1535814081647113,1.4661536238960684,2.4186417180291686,1.8494649585591687
2019-03-31,1.3837482683490672,2.224056363689159,5.203199623517686,2.459126370440043,2.067763568217022,6.266462749268712,2.607053154841361,6.726601595037075,3.8609603181742163,5.765100840834328,1.8587005209842797,0.4770578063030626,1.3612031313749442,1.555304916287435,2.163868569318012,1.4919605253065669,2.41573067794339,1.8869426856288105
2019-04-30,1.429479997496362,2.284350582576473,5.203890005580195,2.5303157156515463,2.1959755849124805,6.74839053464329,2.7220381147260935,7.1235117679350655,4.018672854809901,6.0600241078228505,1.8785304271177836,0.48957608041386924,1.4044914449928392,1.6251298682463382,2.2312426494908664,1.557326947143085,2.495568567235439,1.9982837152735728
2019-05-31,1.36569970665269,2.1632674476642655,5.303253718246084,2.59203089035345,2.1022380424987173,6.467308969606328,2.62053056296502,6.865237475312269,4.025656072197204,5.979777129760016,1.7960698863293736,0.4762505734541646,1.3699270547498041,1.5853185434838934,2.178384426582552,1.5223931069170455,2.3842217213072874,1.9258327486948315
2019-06-30,1.3972751559965029,2.237335995910928,5.510260809025826,2.695253946364525,2.18134309739258,6.82757430787133,2.7450433640384935,7.315535119178943,4.1532249292607775,6.216538742989849,1.8217644009709821,0.4925558131424439,1.4140598415918415,1.6564437060231325,2.247906560707572,1.5896772812136146,2.4393457517356705,2.0521500031724877
2019-07-31,1.4407396447524852,2.28225955221879,5.517775385431019,2.791059373086011,2.1377188088939274,6.810598378272729,2.720132290473054,7.377260044840993,4.2273937513632545,6.314756927767944,1.8113837455852224,0.5033366993484412,1.4177261676590696,1.6838477144442798,2.2540463961318844,1.617470259254372,2.515225520686872,2.069465046341526
2019-08-31,1.3778654572020408,2.230850718617775,5.435534087962474,2.746295893953064,2.088568109192069,6.79517110707036,2.678182441395774,7.416396050334982,4.164571293519544,6.342142014126394,1.7792817935926992,0.4875753727454777,1.3871169258907718,1.6663074048884863,2.2068384878580782,1.599525413137457,2.4509735080065824,2.080443457693567
2019-09-30,1.4486482250311234,2.3759978610903048,5.538827122268178,2.817142629947605,2.163177929740773,7.073671241623928,2.7660184992203805,7.698656258877758,4.187950050408635,6.436137406991398,1.8774304684032146,0.50481902489808,1.4332778981545768,1.7274307884204034,2.2789281377997708,1.6557580541063013,2.522099295755666,2.1596229405912633
2019-10-31,1.5087242102097473,2.509530388014456,5.5340723712110576,2.814398618973358,2.2494884985371266,7.426627069835383,2.824580855590071,7.9386180182724315,4.212247633691054,6.515896953989582,1.8918315560017211,0.5013573980355895,1.4607864011283127,1.7682638794985566,2.3194230906923576,1.6889532999411654,2.579987565497617,2.2269368851326607
2019-11-30,1.536749255258683,2.5808171054032667,5.726436463515944,2.8976571401199913,2.3360458667440542,7.735191680830504,2.9281719672526565,8.254135146520102,4.358886010392691,6.714810842846135,1.9687890572293714,0.5146269577436474,1.5104482806570778,1.8261088626463,2.398977293517523,1.743443532653622,2.6582666023328505,2.315445581377851
2019-12-31,1.554339942926757,2.6328620421606788,5.583624271001818,2.8499644975084046,2.3492892046536746,7.853761219600458,2.9649951677423467,8.437665426451042,4.468394633234584,6.833859188171594,2.0324014948771887,0.5340164319161149,1.526102998191877,1.8555325108331995,2.424152646571789,1.7714064256758735,2.690024765920991,2.3669293974496406
2020-01-31,1.5117455655088365,2.597766047510565,5.684043739553774,2.9883524071381546,2.2802641490652786,7.820157690660934,2.862561664031574,8.357971543903874,4.438641040102751,6.8725415830281396,1.95501333958843,0.5202382846185686,1.49606837211061,1.8559541930391286,2.378115252669261,1.7732303622899843,2.60698345590801,2.344573712095436
2020-02-29,1.3900400279348717,2.349309782758114,4.880337391746756,2.7752946428594947,2.1252539946084292,7.254378680498867,2.6855734813586976,7.804687493923793,4.181738238261695,6.390797566297631,1.6985526561472986,0.47682466833902976,1.3612299883520291,1.7139638259548042,2.162035197820393,1.6385339857058578,2.429711131145475,2.189366765997234
2020-03-31,1.3063874753217506,2.2250730535352043,3.884221088664306,2.174485529974098,1.7839002610251877,6.259463134017903,2.2194495085901758,6.633243354914744,3.855533354593506,5.9966694475944164,1.4501551299717823,0.4062251216646398,1.1745782464406038,1.4950501028061058,1.8668524974461367,1.4244588159610614,2.1702415490220326,1.8607538819880565
2020-04-30,1.3704838615828625,2.3361424598422578,4.400613402955027,2.398734609526156,1.9709227919469863,6.937175242580536,2.3415798544279816,7.021010831107628,4.034694626025656,6.29650226219884,1.50789404037132,0.42736897051355166,1.2583962929470285,1.600157680629892,1.9958694139265858,1.5222331192989804,2.2819039622174557,1.9695302072377567
2020-05-31,1.4596088319789629,,4.889161584641699,,2.1723655301641713,,2.5179571179112874,,4.241765652589971,,1.5826351490238215,,1.2583962929470285,,2.1422306115841123,,2.425060521782955,
2020-06-30,1.471408254566332,2.33885868559217,5.107058841619313,2.4552842017010774,2.3010990111351877,7.226786983782279,2.676926608808355,7.3413270210372685,4.410850026852945,6.42639183007858,1.626824370516731,0.4333247138893719,1.3093253426654812,1.6392741871325347,2.2275364618482323,1.5588913568385276,2.505745913687386,2.059385133701986
2020-07-31,1.4248137265963152,2.2545494194099103,5.277872519280552,2.480602629405611,2.3624386920102953,7.225026591260643,2.6923729105663843,7.186203906080269,4.540203065315091,6.459026039976838,1.624892998934331,0.41786966418533267,1.3229304798945731,1.6180463684956348,2.2508486455857857,1.5389975592470122,2.5061792137789745,2.0158700803716347
2020-08-31,1.5429269739282954,2.437102376472539,5.4968459266380325,2.576946626320098,2.469060070313784,7.600138205194362,2.7733481517556684,7.45110353425901,4.6251820920804185,6.6204839797536055,1.6365138665907881,0.4272032189130028,1.3726424074693229,1.6870624630836837,2.332133893656733,1.601519353117571,2.5652611919529424,2.0901795825408223
2020-09-30,1.5739717448266048,2.482483050901694,5.238215401870357,2.493136880684282,2.442704117739232,7.551694647681984,2.7165260123585773,7.33048364775995,4.655587481624147,6.650613211737308,1.6182706457854146,0.4214228236091245,1.3583058720486838,1.6742845845174854,2.311353125851112,1.5898869367413446,2.5691196477859988,2.0563433564235054
2020-10-31,1.5432178125402005,2.4200543699437125,5.4619879483073674,2.548046244921969,2.2587785078844904,6.9671049596238745,2.639840236357485,7.108038840435645,4.4147086261376085,6.30039383660179,1.5875159817710889,0.4063900314697276,1.3241015869792754,1.618695100344244,2.248130829798264,1.5350392134008646,2.502808061414798,1.9543741565104802
2020-11-30,1.715161526748595,2.6805567194248066,6.22509113743269,2.8127890196944585,2.6341816246371335,7.943043652179525,3.197786744663918,8.42470953052638,4.934560351858078,6.8857216052797945,1.8146934263610464,0.4573445766794318,1.520408713659993,1.82242005260493,2.5773610473973614,1.7258618637128762,2.7983058404129637,2.2781163116866
2020-12-31,1.7674924651049582,2.768255662378466,6.498287669475767,2.8648984094925787,2.743621823237755,8.290144256045357,3.2522905350841524,8.586436384918473,5.057686019315962,7.0477099183008605,1.9116389512966605,0.4749428443747793,1.5739680976419292,1.8759209798983063,2.666884772098647,1.776125717105472,2.8828544722943583,2.340804032747555
2021-01-31,1.7460361550339798,2.7828631632195227,6.5635116256323816,2.884976798170911,2.7249780866776065,8.316121605182149,3.142702089107584,8.38236297550411,4.94818426776142,6.989870157500877,1.930989124945324,0.47211844192487945,1.5597704722978563,1.8688856694069829,2.640986585311962,1.76886388080898,2.8408655250171475,2.2851702589304304
2021-02-28,1.7423676336357863,2.868284252129879,6.616148405265892,2.9251727764610354,2.7385909054219297,8.513527032818583,3.2523949009487603,8.832043970902557,4.776779410993325,6.992051193938333,1.9628074493613752,0.4802385555695374,1.566959943939034,1.9123445401173447,2.6466351543440334,1.807117557957903,2.8555646176415026,2.407760707434476
2021-03-31,1.8297427803112933,3.0274241723824473,6.74743836230629,2.987219401029823,2.9532355052280246,9.159800869518271,3.4688106311111646,9.397949057619279,5.148108846103373,7.478762120505977,2.0555094236946005,0.5037034625301959,1.6557217060387486,2.0191647568098756,2.799576406126243,1.9091929864632622,2.985401065852215,2.5620357581954134
2021-04-30,1.778903192373772,2.951635131028456,7.053849278222174,3.099016150965224,3.041295645580578,9.320098638304064,3.6969613191904607,9.9003067216032,5.342715346216554,7.6073768346069945,2.180803321246157,0.5258281900994901,1.7142164946412477,2.0677816667547906,2.8950126093797772,1.954264709005273,3.0779439618590323,2.6989867344817613
2021-05-31,1.782933967491916,2.9913422676054564,7.101485677081497,3.1680698188247565,3.092993085908203,9.579647314314203,3.796088716888665,10.27318190206515,5.487505896273514,7.860706749225634,2.200198894399905,0.5328304866837591,1.7395940859784522,2.1187399293092444,2.938599949854651,2.0027855013658353,3.1608033928133152,2.7917093603809042
2021-06-30,1.8078695122397597,3.0424689616215925,7.061342464469189,3.244075804921746,3.0828775266068256,9.755094021466562,3.778091621017108,10.446223840258828,5.633743447429965,8.156750456050021,2.164792812977247,0.5326078283680035,1.7427480921310476,2.15881402939038,2.948512381468899,2.042356060715205,3.1745110244966397,2.838733038458349
2021-07-31,1.7718734873608175,2.978322873462276,7.017970855692973,3.2736959266658054,3.0892624385924083,9.846724025928657,3.817369708670305,10.631312440920562,5.765597343003309,8.327986765194279,2.1805241011248517,0.5370090430956953,1.7477107694226515,2.174794634374946,2.9583375303206085,2.058669774672232,3.2075141209759814,2.8890303644370983
2021-08-31,1.8224244555083609,3.078024619133394,7.216190180004186,3.362791458633593,3.1598497176333624,10.100886074534289,3.831557232503031,10.702320840363159,5.845865348165523,8.521784804124437,2.2180751730835553,0.5489301956600858,1.7810579710278054,2.2250513311056856,3.0148606738197374,2.106647920423436,3.2194350734925257,2.9083267046829295
2021-09-30,1.8496914211935849,3.2111396527552585,7.218150876396392,3.318040479736268,3.006764749038618,9.781122814202783,3.6742410714967018,10.442596285693064,5.517945039716852,8.047722418914383,2.1779718304119116,0.5404092735387578,1.7369928291168468,2.18902847488238,2.9399385876781516,2.069554798081431,3.0680741633747135,2.83774726032913
2021-10-31,1.8116235640470535,3.175690668566775,7.142059908939875,3.330409636978712,3.0152895808627944,9.99364579847267,3.8293879172505583,11.080829009168633,5.723067088983869,8.339272757011596,2.16545504291869,0.5468533685316036,1.7501259818690802,2.234154093704261,2.9625399238100334,2.112186313204601,3.1914462910373835,3.0111852744920027
2021-11-30,1.7476181994719566,3.0668085220731984,6.958324701001816,3.313493626886698,2.896217010792122,9.7273576609248,3.7806032770896563,11.081984872582103,5.668028159735332,8.261416485054072,2.101628378034419,0.5373623355012142,1.705679402356894,2.199674155640694,2.888407160523763,2.0795844571080027,3.1543810818479914,3.01149937724434
2021-12-31,1.7851097791083912,3.166302687577875,7.176081176297312,3.4057151539807102,3.011865833055275,10.129131537515068,3.9568395290636325,11.61379170378887,6.020223963608226,8.763520880718918,2.2302039751191174,0.5602359951578273,1.7803343027824412,2.2923940322791503,3.016335154033842,2.168919488905253,3.323522486045003,3.1560164434023905
2022-01-31,1.6879741822584196,3.014315804833319,6.707608895356466,3.188715517471879,2.9149469020086363,9.804632153064233,3.818549620597277,11.209552739548872,5.639811403358675,8.251288552070388,2.2149599614352096,0.5572319842537703,1.7041212172892852,2.199791510480215,2.884768956799286,2.0799169435615563,3.1650203325540236,3.0461655996173094
2022-02-28,1.6322863633386948,3.0064775010089018,7.010472480166876,3.238063165900757,2.6649918044570695,9.278885568163528,3.5280655579151814,10.716952922374322,5.497714382063706,8.10937465704535,2.134760663648108,0.5526471155342827,1.6441749700749366,2.1594185575920055,2.7839401033728297,2.0432199529122594,3.0059367830340227,2.912302933343322
2022-03-31,1.597359665041739,3.1364470755477685,7.49649484238796,3.4623318651805364,2.5820684791055273,9.204606258744844,3.475869871304328,10.806076945075997,5.511135318105837,8.274601949725243,2.1278457781643536,0.5612922067163879,1.64450995054693,2.2129789297369045,2.7820327924572,2.0943831728103555,2.983496182010211,2.936522145149652
2022-04-30,1.5315902325617472,3.080239346067829,7.1461758267542175,3.449914301058176,2.4769080141293864,9.073673662389474,3.3392523937140064,10.667737467088584,5.33429348215024,8.329251668358456,2.046880869773339,0.5624747214523752,1.5792571891413263,2.1982911279578428,2.672714592306415,2.0819530114586953,2.876710068296654,2.8989287666531576
2022-05-31,1.478482798801967,3.104750135217855,6.8776778560003855,3.325649366895324,2.5215413754025517,9.285005679867243,3.323609078167232,10.673991034043489,5.1954702506486665,8.051481861307895,2.0338980416569328,0.5651839605694026,1.5552316191503632,2.186304042833685,2.629292960297768,2.0683509846576458,2.81295228542802,2.900628156537442
2022-06-30,1.4245113720260933,3.0714214871922962,6.0814821690363665,3.0212275006792306,2.1367184943379454,8.280004945591873,2.9770641669649427,10.034697807838464,4.790733039219332,7.4602790811304525,1.8718180220596266,0.536088971620262,1.408328877467079,2.0422591683175613,2.3901672176836484,1.933781273629704,2.537690694370131,2.7269019536298593
2022-07-31,1.4952580634481638,3.2131001622509365,6.577434604343074,3.224088286479497,2.2437205958869813,8.791707752046126,3.2756264010049185,11.158679464492222,5.093518212219381,7.878913841962938,1.9472518787137552,0.5583500580218613,1.4987159791219262,2.1732097393962664,2.5406551223126312,2.055197593568713,2.740907884071704,3.0323409248940543
2022-08-31,1.4288308788496464,3.2759580732296225,6.3945600860472105,3.2765766717712212,2.070539174854788,8.388568008829292,3.049124074269172,10.736687202196366,4.853810382804345,7.702751744394421,1.7983517516174734,0.5475474625069634,1.4132668315879993,2.140780055202216,2.397019651925569,2.0256310976879877,2.6123187491394413,2.917665670441212
2022-09-30,1.318570078675778,3.132752578731873,5.726689208902145,3.088985732768929,1.8894643860828506,7.771102703113426,2.8470995761251476,10.17396072571561,4.409761808535867,7.236026996775541,1.6892363350100508,0.5145477450427701,1.2984432716465648,2.016669800687288,2.203031863987481,1.9085998066662488,2.383085652056669,2.7647462744155566
2022-10-31,1.4288477020461545,3.3157557904408264,6.246125381378026,3.26155157108569,2.1058673277853868,8.472093310726077,3.1485095981728386,11.003535843180783,4.740577728163929,7.639393940225684,1.801204954758775,0.5313115184562863,1.414445821540642,2.1424927569251526,2.3962782745749,2.0248770111594228,2.573423330914351,2.990181065957703
2022-11-30,1.5463630716986214,3.428828573229251,6.804859899698725,3.482190997851914,2.3777635722207737,9.326157450721652,3.5446773604112147,12.076628380454446,5.1327751990782335,8.08655561891055,2.0003893066226923,0.5709010521439382,1.5605945010007034,2.297155166947958,2.6396904055268084,2.1675666541954675,2.7928992151233754,3.2817910568466564
2022-12-31,1.5260032504914303,3.2950500780114638,6.779947778480452,3.3720151769925137,2.3341212072476942,9.110780910130456,3.470566832311989,11.766899204673233,5.014768064692136,7.953918553149742,1.9798350119028656,0.5649357462748452,1.5373533030872693,2.241162964580299,2.599904833578007,2.11534573320724,2.749062439132034,3.1976229921268393
2023-01-31,1.5568873530374727,3.452838154114553,7.139287549745841,3.589153053134023,2.5393775205282387,10.088166686171991,3.787207386686579,13.068043083725323,5.300140256669199,8.539369507680513,2.0391263172170078,0.5914523045487027,1.624281962721051,2.4095033244562205,2.74001024370424,2.269865240595475,2.933038579501725,3.551205317542671
2023-02-28,1.5645673064811723,3.511442381853895,6.744061590635086,3.5119207016840526,2.578874014782187,10.356182758022197,3.8500901952583115,13.428953205380179,5.222805623581415,8.541429235961868,2.089236992677997,0.6057932132990322,1.62203902810866,2.4392718475540494,2.737285590220662,2.2971218266727815,2.8853207207463263,3.649281665697037
2023-03-31,1.5926328052810206,3.5933843298230026,6.729702493032664,3.5040692564559928,2.676184923907132,10.630172322568884,3.994413240124849,13.78090417380367,5.518026531562878,8.90041324651176,2.078872331301157,0.5897571026074383,1.6605875722361643,2.4755854213352224,2.803418612889099,2.330879560479926,2.973382413820943,3.7449233882236737
2023-04-30,1.593645851142162,3.7137461007092143,6.7984198837627945,3.570335638780154,2.693576350871036,10.914895345804174,4.089419976135352,14.388238776111908,5.695352827918485,9.322090062310123,2.1498730334427245,0.6105050684259173,1.6903176036130343,2.560506066853456,2.8547637703556648,2.412033531263263,3.055434354831126,3.9099649216366354
2023-05-31,1.5942374746667711,3.8518575695346704,6.671688306721702,3.471482988217303,2.6284717375603917,10.805846833256515,3.9162881403743732,13.98310913843998,5.5482076086383065,9.262979837486261,2.072313420495718,0.5841128891029667,1.6489923460587872,2.5271270094388827,2.7873237852215054,2.3826247318221316,2.9533181902938055,3.7998720397585206
2023-06-30,1.7195405042120746,4.165212142447105,6.8272152956280125,3.541885220226215,2.758166220944037,11.242083639309323,4.154691373674697,14.708875449155025,5.762845418386901,9.479898331036932,2.126244678016614,0.5892144585680056,1.7250759049677675,2.622339418857689,2.917769755365178,2.4715115801286975,3.094413464986173,3.9970970691980368
2023-07-31,1.6984650020612526,4.24877442960362,6.756621122681576,3.6434788054205147,2.7786384753222175,11.61886903546662,4.127435291741157,14.996182293585525,5.74167801617935,9.67209335934412,2.149285272854874,0.6061119829004833,1.7208864773411583,2.688223925852722,2.9101875533343957,2.5329922461206933,3.079878622089182,4.075171926096745
2023-08-31,1.6709256561510313,4.292098151848608,6.647431463213652,3.6178396419282715,2.6256333822697084,11.371365043138638,3.911705247731536,14.7186859763298,5.469935308760869,9.612931944754244,2.048796181288779,0.5955517404109533,1.653832276012361,2.661258242451736,2.7982853929775926,2.5091517039167326,2.926937406289315,3.9997630533892248
2023-09-30,1.6593267957765125,4.336133011061533,6.397995208871033,3.525753482999404,2.5069326729633334,11.107937250502864,3.718060858122536,14.31449157780815,5.367502827348993,9.645752014916157,2.0593061199968994,0.611133221423198,1.6117218027486153,2.6451825673350005,2.7334809906673607,2.4991971757063274,2.8248621886226464,3.889924320217413
2023-10-31,1.6096215060512622,4.231328715714853,6.3100009209151136,3.3858705277245615,2.450932607996928,10.725698595874663,3.668476771318879,13.950771300377626,5.164614206822451,9.309634881998646,2.0155955447578844,0.5875165523874022,1.5745426265459312,2.5582639172789183,2.6675696823040234,2.4168048603680994,2.75410649210036,3.7910843198413846
2023-11-30,1.7640865527337646,4.488170842958441,6.804208375436564,3.5537591984579424,2.6677708401371003,11.71371947905418,3.914070317921511,14.93559034557952,5.549647125661227,9.897080252244162,2.1098986926315586,0.6068401663670686,1.6929068923706343,2.715591147039099,2.8686129068026496,2.5625378953057245,2.950676840652966,4.058706228319306
2023-12-31,1.7309102629967879,4.4965170078178325,7.231766133344682,3.8084360491296283,2.737785954212766,12.17224815339328,4.052689765333392,15.657210254989872,5.705350549820765,10.283646819410293,2.2104758552359094,0.6356459644470602,1.7440938725748896,2.827614198108389,2.949496974388403,2.66537565072881,3.0462386127021626,4.254804484433424
2024-01-31,1.8165899718153513,4.840355577994925,7.19352542694169,3.8560686060699467,2.7211708389188045,12.362861911373335,4.086572771454711,16.128322193073288,5.655696112835507,10.582665783148704,2.171975147181447,0.6301703743358289,1.7500189101355248,2.9007488514235624,2.9637114987677586,2.7364613257530896,3.053760964518583,4.3828278777571885
2024-02-29,1.9024015287506797,5.096566035497497,7.318125373852229,3.901958128187167,2.8271309829498783,12.899576593184158,4.262500681452437,16.894813044357562,5.672629308260943,10.932825673995971,2.1980029068006353,0.6353741730191041,1.7971310827900768,2.9960464623681546,3.041720256092797,2.8257943303303636,3.134914255956467,4.591119690807484
2024-03-31,1.9313848570770848,5.332175421017507,7.47168777228361,4.014824623685863,2.8975169275272643,13.542938019099411,4.3061468461888515,17.48980756214765,5.7213443020495465,11.46869521244573,2.2655404424990433,0.66663927572833,1.83027905673869,3.125110636908523,3.0969777386781687,2.949142060906543,3.165495449723162,4.752807839671664
2024-04-30,1.8793692573979623,5.280737279879218,7.390502237192344,3.897690283994586,2.8578225228133927,13.415597440402783,4.259504580597397,17.37551467216356,5.617966695234281,11.442184596396187,2.347897371654985,0.686468840127912,1.816843194782576,3.110877969404024,3.073969862438238,2.9386501862438736,3.1312082122534965,4.721749056342867
2024-05-31,1.865535204036194,5.3339770905286805,7.4759048206087835,3.9350426809262498,2.930393594891171,13.982381278726418,4.305755946877596,17.857036778000285,6.019260111320796,12.263033538581332,2.425410626065358,0.7068517665949914,1.8607172950880229,3.2099372251506315,3.1512089746225485,3.034499790861858,3.1652080953817348,4.852601384561107
2024-06-30,1.8978042414464715,5.440691015061751,7.578729556341491,3.9726444888608485,2.9212665969127687,14.003730845853381,4.0711957871782785,16.96714091023937,5.994841963538901,12.393236180807882,2.4140267929608696,0.6970655059163177,1.8497734341150716,3.198181972715646,3.136993587523002,3.027912851519938,2.992780367128186,4.738271414184592
2024-07-31,2.035345562392182,5.438632441817774,7.8495165784507,4.1252036112672945,2.978955706139739,14.231825871357987,4.147109959610354,17.224818084557757,6.297470193117571,12.738585411318564,2.5092737298137178,0.7224518001029163,1.9226962771883704,3.26949279126993,3.2683255229572246,3.094906153053342,3.0485857021496607,4.780439983625643
2024-08-31,2.031652341697169,5.329915310956285,8.022069857854914,4.148259613751597,3.0544297619544842,14.674665251966848,4.252979952875166,17.764110076894106,6.407047105018611,13.013814438425877,2.5839748589849054,0.730426300191743,1.9605742434586668,3.3134502762731937,3.329693488447172,3.132104241360424,3.1164143096194885,4.7971721325321575
2024-09-30,1.9100273449806249,5.287546595469025,8.206103467920975,4.28981777495811,3.0758510434570407,15.24907521256116,4.209400566667536,18.15284200641427,6.229686733489463,13.074153746968104,2.505834911741307,0.7199498694777343,1.9285253759389713,3.35624630584068,3.263770448495018,3.165332602294714,3.0758853301875377,4.820766587487581
2024-10-31,1.8941551848098517,5.401024567985955,7.900427219071212,4.242175197818782,2.9368160118735958,15.135945948716449,3.8927964743324415,17.47337732653731,5.9004062409527025,12.871557845182544,2.4053805270264137,0.7091927796991487,1.8453029642847407,3.3199256093167424,3.1278571604586327,3.1348766844740306,2.874127036393622,4.766853552094542
2024-11-30,1.8790769356704542,5.387146983773014,7.936643408410666,4.387873504552762,2.9530098680328796,15.616974661010381,3.757421389570579,17.324690636981707,5.8297816162267955,13.056365325479014,2.450555807759401,0.7281339780452816,1.8373599935972778,3.373106891343781,3.115225173211738,3.1836539259956362,2.8295275044956627,4.738293708028514
