,JPN,AUS,DEU,FRA,CHE,GBR
2002-05-31,0.03157177367867736,-0.008196434570813427,-0.025655726704854942,-0.02806774388010047,0.008908208354314606,-0.020794035599405625
2002-06-30,-0.09351324147722051,-0.03336013334679,-0.06935297986473132,-0.08195132361590807,-0.07971531994846959,-0.09720294574980204
2002-07-31,-0.06250328351397871,-0.04439049871139744,-0.10496649632132682,-0.10021674624040078,-0.1244232924158174,-0.09881128474511314
2002-08-31,-0.029105391313355433,0.008810720505095126,-0.00031305364259759383,-0.002042138875395838,0.010727171488451592,-0.007697195344852137
2002-09-30,-0.025780491276282458,-0.047283138277140035,-0.20152190487119426,-0.14518745257178567,-0.08395696570387001,-0.12505248228533639
2002-10-31,-0.06763106528323226,0.004815541945784707,0.10960104939481319,0.11647922105183506,0.03651390825801548,0.0647130458246652
2002-11-30,0.02883567470749271,-0.01286632651471864,0.03176957680249126,0.05063370024759273,0.0441102469399588,0.02185742781311828
2002-12-31,-0.060556687966756395,-0.01923357310011653,-0.09754226584243386,-0.06468643173413491,-0.08539877826059894,-0.06356837128111403
2003-01-31,-0.030902143267214854,-0.02334222305723266,-0.031269360253529443,-0.03888813829297588,-0.046615056738131266,-0.09927688063972262
2003-02-28,-0.008085523633518665,-0.06258937982423962,-0.0505112538623147,-0.049840905824206305,-0.04878236560299076,0.01577930283261264
2003-03-31,-0.035100334680421286,0.03224070389211464,-0.03470360888023849,-0.0414609308094781,-0.004500270089634051,-0.015745118682827575
2003-04-30,0.011062745121735329,0.03995642469922345,0.18203065565676102,0.12385581696830594,0.13074825827984426,0.08173763908106602
2003-05-31,0.044957354378351244,-0.003009890629897871,0.02653843008713519,0.03626682373007406,0.012677020697910546,0.03204549183770378
2003-06-30,0.07343259734514418,0.010440199916789794,0.06904271110386195,0.03672791987514856,0.03849168878741227,-0.008023701679394146
2003-07-31,0.03711940391323654,0.026659363900439104,0.06307391002742913,0.03877711609227741,0.05068457736441678,0.023845270582968592
2003-08-31,0.06280238705346819,0.02063440084747592,0.013279242905233746,0.03734560550825483,0.02443068554827854,0.00116794206645765
2003-09-30,0.022772005618870494,-0.0005779507390335503,-0.043783633731389715,-0.03831248979316304,-0.012509238028802772,-0.026564676675902232
2003-10-31,0.02276019870533208,0.027130839224871472,0.09996700587465934,0.06998637620955783,0.04498327215116649,0.03441979494502978
2003-11-30,-0.043165901445240684,-0.02537209878983271,0.02024267915566602,0.017248298577749566,0.02210509094163693,0.0015212523244221288
2003-12-31,0.039598423229172175,0.027545236843897314,0.03862050836973441,0.03707118637406026,0.030388477973640082,0.015660739664473455
2004-01-31,0.002064242433433172,-0.016560127170783367,0.04019957614984193,0.03208664515822934,0.05200574490883425,-0.025457283918496332
2004-02-29,0.028137594753330664,0.019072362484882643,0.0006626192601083547,0.0289889468198552,0.01835579584448077,0.013148426900380206
2004-03-31,0.09503479731106412,0.012495811393270717,-0.027038589099378063,-0.01559953423908933,-0.0208517280643995,-0.02701410247417202
2004-04-30,0.02383668698411401,-0.01806468716101195,0.031108389971854722,0.012163909498087211,0.03377273562641547,0.009808722702637995
2004-05-31,-0.04401006838749666,0.0007144235523239839,-0.010268548759656548,0.013218045830460046,-0.01924843374487395,-0.028321925276450388
2004-06-30,0.04386851815019299,0.02137844093365593,0.03224609729072636,0.02957246072889541,0.010797713482606053,-0.0005057528400640443
2004-07-31,-0.04671265106799405,-0.002409573312863733,-0.026548113409015528,-0.014793412263817363,-0.015099817791124237,-0.02746729146948912
2004-08-31,-0.010841158854040356,0.009795881555620944,-0.021949701965152557,-0.004932761909045569,-0.011878466355717765,0.003073651584104775
2004-09-30,-0.025099777468000406,0.026427599982891792,0.02844201312109451,0.018374150893198937,0.012932667521241559,0.013561709572007086
2004-10-31,-0.01767152772172409,0.028302174247646805,0.01748759025555624,0.02182001306212067,-0.00739707316074556,0.0022152176056584594
2004-11-30,0.012574066088691938,0.03680577560218379,0.046674990309331976,0.02066826058054838,0.026311783553975898,0.011108995066982041
2004-12-31,0.04831810681929882,0.017824502087713467,0.03207548125282833,0.027720788141034847,0.04502471813807918,0.01826313476002961
2005-01-31,-0.00020014946961244284,0.011859471594883653,0.015166983484127483,0.03642019546870423,0.03160748122469692,0.0024589468184745833
2005-02-28,0.02707101757858732,0.015640357349423928,0.03212067348630754,0.04110593506507487,0.043760595598551166,0.01547296514450247
2005-03-31,0.0128505133158765,-0.015473553964822084,0.003926696555048403,0.01499087810998212,0.005582459343846824,-0.017349750482888338
2005-04-30,-0.03932976789025444,-0.03885020082992463,-0.022024788801512818,-0.01949141602611304,-0.0038047514984373976,-0.028012256120344303
2005-05-31,0.014702274817187555,0.02108236788295459,0.06221527554880457,0.06706445272742956,0.046835594925451085,0.02816284560655502
2005-06-30,0.03312320180854522,0.0393284970943506,0.03786888269438782,0.040235838282137726,0.031420675486069305,0.023427146626156414
2005-07-31,0.02062252976249912,-0.00019051787225476957,0.07268366678184379,0.060864995667110566,0.06617799691447201,0.02691993178822405
2005-08-31,0.05749860821147812,0.014687194423450345,0.0012331580840854173,-0.0058742615801683495,0.0023449067588048322,0.0017131711328490784
2005-09-30,0.124177023312384,0.04680927472480789,0.04492480810380317,0.05166671907341258,0.07203770268702336,0.02490801096708095
2005-10-31,0.02929448854521355,-0.03649487123836215,-0.013224486454129103,-0.026972767850319435,0.0171052163362444,-0.02878326242627416
2005-11-30,0.0692037832056227,0.03669124421039238,0.05236260868103049,0.042619954908802216,0.06296504243850753,0.025145435095947466
2005-12-31,0.08682022919302179,0.0268546763150439,0.04935270118180557,0.044609168444835756,0.04348854744002262,0.037520853119487274
2006-01-31,0.03862308404448911,0.0352277082094512,0.06657478413751827,0.05686865179412404,0.04795471267830398,0.016738164624031437
2006-02-28,-0.026656077411027712,0.009337830180610629,0.04468166559656339,0.025541027069193145,0.03633200113853707,0.018016411036855473
2006-03-31,0.054316458527371436,0.043916264767135615,0.04420825780083959,0.055157259560342675,0.04261334783384396,0.0326006784185322
2006-04-30,-0.003389159185897217,0.029006049842964288,0.020476287226227186,0.014033133827025646,0.03451295343330818,0.005109522614454631
2006-05-31,-0.06945431602206675,-0.04057966219969644,-0.03651794471182246,-0.025917456761873403,-0.03894629509025793,-0.04790300656048041
2006-06-30,0.00978348431282039,0.019546202749862962,0.006502047948381384,0.024265698415034898,0.012785641036321738,0.017712997506864836
2006-07-31,-0.0075840657832447755,-0.010663562220109668,0.01626132894898924,0.022784451271203654,0.046107671369839176,0.01122150051628057
2006-08-31,0.04854262693805389,0.03537854040714983,0.0404176144593108,0.04518782191219162,0.04546651314057448,0.005627661701912645
2006-09-30,-0.002336371457105191,0.014775673860690786,0.043892995959481595,0.029274812121696803,0.058570902064022046,0.015123930117802775
2006-10-31,0.012383154974801025,0.047233304738521165,0.04855739990092256,0.03386129716004893,0.03959340182739668,0.0260000866087442
2006-11-30,-0.0027797932016426774,0.025304745426387276,0.01719057015742731,0.01745520294761982,0.01216049048462553,-0.005681703160595131
2006-12-31,0.05244054232180251,0.03819484272629392,0.058450263879342934,0.05550370720677211,0.06130998546139488,0.030580712644613817
2007-01-31,0.029586552120201004,0.019271724225123243,0.045437857995077824,0.02200402455430206,0.057478898956080604,-0.005118459145612486
2007-02-28,0.021298989810875302,0.01676808572167432,0.0036155245627722543,7.864306261939902e-05,-0.01835332909863463,-0.005106586978811722
2007-03-31,-0.010042547915879552,0.03460802295247167,0.04443400249954177,0.042808224660307204,0.04847696969496673,0.029066575338614786
2007-04-30,-0.004720280352438766,0.02957936372501213,0.06393959692348172,0.057090266712396254,0.07446058774218012,0.019732297563827883
2007-05-31,0.031864100671212814,0.028131039837847815,0.06094246948896931,0.052998946933990654,0.02769678957984445,0.021941518519248415
2007-06-30,0.014575514040945148,-0.0012711872069748331,0.01630289429342424,0.014851283117431446,-0.008055240113906015,-0.015723786683609076
2007-07-31,-0.03832476661350992,-0.017668510149965955,-0.028606595771215826,-0.0364211504506563,-0.01977612415741592,-0.03769872683230391
2007-08-31,-0.05222002761018285,0.010442433217928038,0.0048028996286051395,-0.009505037030722807,0.00823161382668025,-0.005577927588444664
2007-09-30,0.01266820219350473,0.05346016136497633,0.030341629620981747,0.01234420556047855,0.0198604519045813,0.009282001269449891
2007-10-31,0.009966723964459634,0.02920332948120552,0.03618569989956222,0.038301064843966115,0.03729059025306336,0.039184155787465924
2007-11-30,-0.0523639255813344,-0.0383188932479126,-0.014900841891722583,-0.019441026825727903,-0.024455190191849607,-0.046929799369075376
2007-12-31,-0.0339105180963124,-0.026111888497506563,0.022745963334260155,-0.0026143568971292996,-0.012127802650621966,-0.006686779456436365
2008-01-31,-0.09289227506031916,-0.1225850387269366,-0.11754828655524241,-0.12813825185928907,-0.09547927747558549,-0.09520819410511672
2008-02-29,-0.017642876048364897,-0.008704682285355592,0.0013534733551616718,-0.015169557777028997,-0.003762092700172026,-0.00476328436230089
2008-03-31,-0.07395662344760368,-0.04950100304354488,-0.024628085704096914,-0.017237302664792842,-0.028260125232412836,-0.03106312404071665
2008-04-30,0.09920905460411633,0.03885862476135005,0.05411730654063429,0.07042312543103668,0.07299095395585065,0.03629162357604088
2008-05-31,0.030926752633466226,0.01689722726966747,0.024349592951016685,0.024252858322380888,0.018324647638908065,-0.020745113778324664
2008-06-30,-0.06747287824986425,-0.08780286104605772,-0.08095848543036033,-0.1110406989606264,-0.08334625248575489,-0.09063067863117946
2008-07-31,-0.01953495358664159,-0.055991849541987326,-0.004700625663059066,-0.016749872674290733,0.016842019701027944,-0.04765040687406008
2008-08-31,-0.04253257835258428,0.03056934148445345,-0.0014953688525557451,0.027277736828246635,0.029506599881004347,0.03409574423811612
2008-09-30,-0.1424360868564537,-0.08678948470775527,-0.07721302944186004,-0.0842976672761927,-0.07927482832237487,-0.128584638908388
2008-10-31,-0.2097774789774025,-0.14306421166200434,-0.21849781134315505,-0.11887900468915236,-0.09760290051633536,-0.1150534468716472
2008-11-30,-0.03460725605319137,-0.0701891887753604,-0.04036608851112433,-0.046913297108346574,-0.045859810400337375,-0.028134631555065237
2008-12-31,0.025491597711377212,-0.0029716211985102436,0.044987580803259486,-0.0025232073634492425,-0.035778739428623085,0.02671412397511541
2009-01-31,-0.07981658060571328,-0.052712885116574015,-0.08349152103999113,-0.05851404289358508,-0.041470738933911955,-0.06614460796834365
2009-02-28,-0.046188809628363026,-0.054749458673492346,-0.09761907735965003,-0.09234673969066498,-0.09393133432570566,-0.07008876518313711
2009-03-31,0.025839077542438527,0.0808882140654541,0.044258456932033674,0.03801286733240139,0.024347249065057586,0.012114479724387062
2009-04-30,0.07624668543640101,0.06215966104044135,0.16475261890061654,0.14250697359354803,0.12192139542822522,0.09138263424405246
2009-05-31,0.06932247738145025,0.016521083051395546,0.04475733417956995,0.05171023876343339,0.03412390388257336,0.03655224454141903
2009-06-30,0.038189633582033755,0.038918024841599896,-0.020702518553059046,-0.027101898475136887,0.008301690165643638,-0.03400375751656326
2009-07-31,0.02091059169431786,0.07614611195733323,0.08724906026084289,0.08107842921291475,0.08461261870322812,0.07833806019108147
2009-08-31,0.014893966263001879,0.06897552544851848,-0.00034672765246490655,0.07889972828490355,0.049867272960460785,0.07076850869521556
2009-09-30,-0.04606336235972719,0.06423329220017937,0.03476115257090773,0.05142238772334684,0.027836922771462547,0.03167529871967045
2009-10-31,-0.02120707400241717,-0.022781318800232375,-0.038134873583507534,-0.037399547372050757,-0.010974940692913715,-0.03060601181598699
2009-11-30,-0.06223853203643237,0.014976374644960155,0.030532433166132744,0.01121111770275074,-0.002834125310626323,0.009148590935981415
2009-12-31,0.07788112852702767,0.03444048671511535,0.04759760734043328,0.05486721542122075,0.03828344924865312,0.029396386738227864
2010-01-31,-0.008645231337569115,-0.05415565000530975,-0.039080524401348904,-0.031026301179703175,-0.011074724749768339,-0.04182830080944544
2010-02-28,-0.008642365192268686,0.016153869441847046,-0.0049635668799318244,-0.009744690534902567,0.03295203477435393,0.019175702299300657
2010-03-31,0.09653436575700136,0.05433984145661608,0.08563332825520853,0.06835260302713186,0.046135118928347096,0.052255581938345674
2010-04-30,0.008348101245369444,-0.012327230442693349,0.003954127719763445,-0.01914866606606791,-0.018637774043115063,-0.02216996030942653
2010-05-31,-0.10731328957264508,-0.07759097504477741,-0.027115176880137204,-0.05069091834969064,-0.03933921719703948,-0.07960943760043382
2010-06-30,-0.03898352275645833,-0.028885799026394876,0.005892668270065293,-0.014270714509097004,-0.02182506772137427,-0.05888026353846387
2010-07-31,0.007236251826641116,0.04235165379174566,0.0322060162953306,0.05681007349317624,0.02876362914838415,0.059499032588741896
2010-08-31,-0.053291237204450614,-0.01013450835065699,-0.02888320767826469,-0.03287601460580092,-0.008175735001595186,-0.016722571268808273
2010-09-30,0.03746173822295984,0.0504167471001733,0.05930235492809666,0.06983169713640014,0.030337963540625568,0.047635186609446434
2010-10-31,-0.025613562605758422,0.018548532738955847,0.05403482693091932,0.036117564185462414,0.02231456917005703,0.004255909030172145
2010-11-30,0.0581814470444838,-0.008372255668464335,0.006247406298837688,-0.04564985878396599,-0.0172544279216027,-0.03978570078019783
2010-12-31,0.042059628911162994,0.037299024675477854,0.04249149611890468,0.050528115189156564,0.02726732587506686,0.05247751130746803
2011-01-31,0.011468271335533853,0.0010540874741316042,0.01782602226880492,0.039519008344461204,0.0006063978719095253,-0.019532760954854123
2011-02-28,0.04242901708546909,0.0208868486149556,0.023167527051124903,0.027352872704171194,0.027491351559218558,0.008594479383914999
2011-03-31,-0.07288484143820373,0.005045746376746152,-0.018129134706481365,-0.026323762131588158,-0.023375625933538924,-0.029556535402995632
2011-04-30,-0.0194212533089535,-0.0075880921321802575,0.052036650406015905,0.033375684367737746,0.03565714910764339,0.015040555783763176
2011-05-31,-0.01591154321752286,-0.022687770149688258,-0.018364332724608246,0.004442421002130548,-0.004730387387129165,-0.018892371053003343
2011-06-30,0.009085429443075554,-0.025773066212727347,0.008710106280788499,-0.002084606795133115,-0.057993426315098184,-0.021672914424286316
2011-07-31,-0.013136336670386495,-0.03370253488609343,-0.031983550106427616,-0.058252055390560775,-0.07914172134737174,-0.03757105299300689
2011-08-31,-0.08123858965037267,-0.021049184025866974,-0.15690525352651286,-0.09517990666116716,-0.04786501161272039,-0.08484398455924502
2011-09-30,-0.0035990552164633094,-0.06402420587905788,-0.05583064191944387,-0.08015303362090609,-0.011915037631316072,-0.05874376020360905
2011-10-31,-0.00235026063836552,0.0688142078830406,0.10034109382662082,0.07405539524472438,0.043472774390692526,0.05836244746014785
2011-11-30,-0.049299851496321545,-0.035362289485853626,-0.009295047414361934,-0.03290795028277915,-0.018925789892672573,-0.021609660173203316
2011-12-31,0.0007818625742559426,-0.01820169697434082,-0.023124017942242614,-0.001797292656039673,0.03488641870202869,-0.008150165171210144
2012-01-31,0.028064642565294062,0.04997008791316393,0.09040523524933586,0.05456144340310831,0.016462385048467088,0.015621826341635003
2012-02-29,0.09389031595691022,0.02244019025237254,0.05643706445161745,0.046948279908997526,0.03590732391354545,0.03073009717126962
2012-03-31,0.03349915251413105,0.010195549729567599,0.013091137226697525,-0.0015302259731814205,0.021596704828567015,-0.017639250014513275
2012-04-30,-0.056731515995281145,0.008206317391783458,-0.014714748394214272,-0.044546373076129187,-0.00922274793560185,-0.01983438326894038
2012-05-31,-0.10230937910968019,-0.06908644093975891,-0.06191758399141489,-0.041555101327351074,-0.03431090274184612,-0.07339692851249258
2012-06-30,0.06643194892441073,0.001679982364427124,0.01606587216909361,0.056827516941822975,0.02496744950683083,0.03963961802704974
2012-07-31,-0.040242828258579944,0.03753699136131683,0.049532080985018156,0.025533361478290884,0.04683236102609056,0.00246945232767648
2012-08-31,-0.003835234328445347,0.020155256240086072,0.022110852360544886,0.03660779452619023,-0.001305998534127939,0.006496605629610297
2012-09-30,0.017006688679116477,0.018249232226385748,0.026528993502574094,-0.00325730050916051,0.01909132605841135,0.0009231385987149565
2012-10-31,0.005075119520498106,0.029571170163418703,0.017573633730328053,0.021079510250399114,0.014773104747369148,0.0010090735777465998
2012-11-30,0.04848834642573796,0.00132117449973701,0.022095745755117635,0.03963088689730032,0.03014760230341218,0.01131352763128346
2012-12-31,0.08699544859729125,0.0323000570225096,0.022985100876291353,0.019812778656854046,0.001389306850440808,0.0006229715133071467
2013-01-31,0.09159361205404748,0.04935357272752261,0.028891927342230117,0.03133626184923566,0.0706589596152869,0.05075680807846128
2013-02-28,0.0390560577690342,0.051598969410169504,0.004209039169936868,0.007849293730347373,0.03146578398799549,0.017286607261290055
2013-03-31,0.07355064173961057,-0.02104886721803323,0.005477783600760011,0.009743164707067375,0.025736090703075476,0.0034066981282552256
2013-04-30,0.11961524217674435,0.037033100684249254,0.012659883560509844,0.03363053770243685,0.020775112171844135,-0.001338981994508437
2013-05-31,-0.02646583850040507,-0.045467805586586474,0.051265149198965076,0.04166710029396614,0.0045952581062760345,0.016437835894603348
2013-06-30,-0.0023483085724569364,-0.025160187066812778,-0.036680816582076226,-0.043889668535701976,-0.033121264313475285,-0.054043151015521484
2013-07-31,-6.845067722416331e-05,0.05369527272884744,0.039733098821211454,0.07183533953991561,0.02912111462209155,0.05864257864694933
2013-08-31,-0.022928865723118474,0.02556429986409725,-0.010366053576581158,-0.010964386175048912,-0.00979733949661643,-0.031087697721064345
2013-09-30,0.09019217761067533,0.022311962384347517,0.05290386617304432,0.05989966176240391,0.033448998079955494,0.0033448887523659376
2013-10-31,-0.0017319199793480733,0.03834814698690525,0.051355476489089,0.0355272542645616,0.02633422903365623,0.018706313940139108
2013-11-30,0.049820865134757475,-0.016002466840115415,0.0367957636276679,0.003975114806350044,0.004469117094238362,-0.01592180830376866
2013-12-31,0.03534235702776023,0.006381654120402036,0.012105118008226334,0.0043142773946429624,-0.0018697163530000394,0.009712922497239207
2014-01-31,-0.05827408495072817,-0.02938893023508482,-0.020411971107101357,-0.01867968099254702,0.0013891002085730797,-0.03866073231584921
2014-02-28,-0.006942428756783192,0.04803828052742243,0.03930066398768495,0.06229849479298322,0.03478757672696253,0.04032205888234319
2014-03-31,0.000910770244582304,0.002853421885481655,-0.01144719369698688,0.005497072490024957,0.005423843353031699,-0.03779349418189892
2014-04-30,-0.032657815992631956,0.012590506825819192,0.0027309676184877896,0.02156397575311464,0.018619170979481847,0.005185057277013794
2014-05-31,0.03327420743695508,0.005158508902419534,0.034706115247108205,0.023468796383289803,0.02481982838485597,0.008821671469082082
2014-06-30,0.05085932107268398,-0.01648115178160592,-0.007163705778704732,-0.016986202056821664,-0.014669465278639437,-0.028194662182152275
2014-07-31,0.021318249321168103,0.04268966951272046,-0.03962007869913575,-0.0321880339426146,-0.023991764135251947,-0.017981522210731793
2014-08-31,-0.007892948885283135,0.00603476543425463,0.005406574154794508,0.01999197990331858,0.02919411257968363,0.010570739671521445
2014-09-30,0.0417403581964394,-0.052402182714372914,-0.002741484952969886,0.0003912387830298236,0.0073741727550741265,-0.033329671472698386
2014-10-31,0.0046608301648937145,0.03845413758524474,-0.017752890430189017,-0.028476159846927973,-0.0018284396859125085,-0.014704123786516421
2014-11-30,0.05369644536456952,-0.032672273938257224,0.0620274826780125,0.04372329040552003,0.035840072451883365,0.019628007041868623
2014-12-31,0.001279450934705162,0.01607021524210117,-0.01016134732540741,-0.007946114628513912,-0.009501298523871604,-0.02386756093282605
2015-01-31,0.008225748135748945,0.029575258968344564,0.08253844863109827,0.07375589191994902,-0.06514875851108881,0.01708868307914191
2015-02-28,0.07229818254271458,0.06476581530072079,0.06283346659261424,0.068815055390403,0.08084510858001137,0.022139586178433035
2015-03-31,0.02280699772478001,-0.00028115608223511224,0.045572606763946255,0.01689327607822666,0.019216324812465047,-0.026450789277184472
2015-04-30,0.029021426230035896,-0.016513287641749308,-0.030950575329752095,0.014174948382398966,0.007944842362358706,0.022156061397861748
2015-05-31,0.04763921358000189,0.003411189246911084,0.0044968972192913625,0.011293677662687074,0.016829115534630734,-0.000585297406930918
2015-06-30,-0.02079690178928173,-0.05149821015519729,-0.03197839411579306,-0.03738371741447466,-0.04537868168519321,-0.058056868708905585
2015-07-31,0.021641623315119762,0.039917929478952896,0.03744363602912526,0.06192034955201309,0.066683263449134,0.01564295426415141
2015-08-31,-0.07458400666928788,-0.07214074144701033,-0.07355004782818497,-0.07532849616250603,-0.05600761163767376,-0.06087731553142528
2015-09-30,-0.07059215149230669,-0.02856733193139327,-0.043030408881182036,-0.03387012472408879,-0.03141296090977341,-0.024891023422758618
2015-10-31,0.09874323043509181,0.042503099789327536,0.1055915097438691,0.08526807516389057,0.04843572149611397,0.034248516568031295
2015-11-30,0.019056934570526707,-0.0067259606459526555,0.04171417205956107,0.013608428187882105,0.005943312352732599,-0.00011425851687085764
2015-12-31,-0.01705669158311718,0.026830600720306852,-0.03819334291086962,-0.037702400638851885,-0.016315591555466025,-0.018181867924247475
2016-01-31,-0.0664713615900746,-0.053888856591101875,-0.07404050591940792,-0.0361476394847694,-0.04453009784716655,-0.0362238483077163
2016-02-29,-0.08579852206154626,-0.020992839909541372,-0.02003401167484531,-0.011306554706760119,-0.03451493210686618,-0.005371556539490063
2016-03-31,0.05213417535578846,0.048114057456062564,0.049565028123282895,0.01670814814994004,0.0028087110803518556,0.007094830949342157
2016-04-30,-0.003739354903886216,0.029141970467832512,0.007756725124078878,0.019065824542235044,0.027025940695324935,0.0010526079835238011
2016-05-31,0.033178019762966304,0.029811781669816684,0.027364127330796184,0.032995204046779025,0.031569825520832095,0.0032824015319481425
2016-06-30,-0.08813676461426923,-0.022125201299186825,-0.04777363221988018,-0.046366323436493495,-0.015697475112021686,0.00471016549264569
2016-07-31,0.06260308534099424,0.06321749948101774,0.06801020612795483,0.05077349889989513,0.025554186994748207,0.03501735095010283
2016-08-31,0.0026598266480044597,-0.013164260565134867,0.022311943500625375,0.008124599460008097,0.01608759812432059,0.016653323676510068
2016-09-30,0.009037979184960077,0.005118441886804215,0.0046975995936980874,0.008092276785889085,-1.5335265461047243e-05,0.0059441249458727086
2016-10-31,0.050654210820614276,-0.019375495798679032,0.009175914396013618,0.01946887356180249,-0.026542968430626646,-0.0035888368891243694
2016-11-30,0.049479684024970605,0.024486483723061392,-0.0023856695158027685,0.012359475215711235,0.014720843813041284,-0.027482061940993008
2016-12-31,0.03997218106955169,0.04219789747030123,0.07469192412237358,0.06708879006206048,0.03979344347078917,0.04601751670333387
2017-01-31,0.005006207361273329,-0.006149479089124998,0.016305309572194338,-0.006488887030062451,0.013407226234689595,-0.004844584066167057
2017-02-28,0.013563374829976271,0.024577591212680883,0.03110451278281179,0.022585109459112074,0.03258331514485824,0.029881018668978077
2017-03-31,-0.0001589989420307525,0.03338921665745409,0.04041066293867124,0.061608337092669774,0.03093851010443749,0.010207248376855382
2017-04-30,0.015772636308046928,0.00846260198058002,0.021203692077508052,0.04696290071200493,0.04127904218960898,-0.0013697103245375875
2017-05-31,0.02911994080225555,-0.025856722274342436,0.028083819966645995,0.03974163616829296,0.028030289152033427,0.042645055059778225
2017-06-30,0.03067995239590393,0.003891277866196141,-0.016894396345801477,-0.014119902463490375,0.007473651625050426,-0.031305920602891946
2017-07-31,0.009153937343207685,0.006854342819983872,0.0028053113577013455,-0.0009676491669301512,0.01975768332629524,0.008082782320613768
2017-08-31,0.005741153373695518,0.009408892775094158,0.006197762569081444,0.012487513844007259,-0.01035615038595894,0.012094054873961424
2017-09-30,0.04513475325969585,0.0034294149141916863,0.06436733538155626,0.05048823559560811,0.03324477075193877,-0.004952215211541766
2017-10-31,0.05683408941448631,0.042329746918422284,0.035405999881106265,0.034638065621897196,0.022507917560463886,0.014002253951514776
2017-11-30,0.022671589509072776,0.022592060480723486,-0.004103209734065527,-0.008366828626001022,0.0031201751724743154,-0.02072033567466247
2017-12-31,0.020043833245126486,0.02236387015473329,0.0070241952153702325,0.004105538440784207,0.010315498878975538,0.0438122094452702
2018-01-31,0.01915905306472454,0.0001579404492833003,0.0292425291664844,0.037707267351283935,0.014147552611713188,-0.020766778644623174
2018-02-28,-0.029849443168828982,0.002590170304859307,-0.03665191353813335,-0.02147225383829543,-0.03886288167432517,-0.03014810076788832
2018-03-31,-0.010201597050064626,-0.03143160255466315,-0.013705490618071248,-0.004057916115071447,-0.006531448522407168,-0.0190627622820434
2018-04-30,0.04095467033466704,0.03825818305214379,0.04457784994660585,0.07135180141164255,0.039827455123432776,0.057709507312175834
2018-05-31,-0.0076313116823780724,0.018880021804801195,0.012666737930363103,0.013943182692682465,-0.026115397693371567,0.023950845230734208
2018-06-30,0.0012793986868844254,0.03366310490142854,-0.02272196641020119,-0.013389079170283424,0.029568687219193368,-0.001223942539613776
2018-07-31,0.01910484624891584,0.018637193999388568,0.047044148761905435,0.03409688315481929,0.053068399057449867,0.013734657129215622
2018-08-31,-0.0010000157858205405,0.023500869228203936,-0.010298100332096993,0.004048627798326487,-0.009255497798203116,-0.028751009040931197
2018-09-30,0.06161072557880143,-0.007434171000093692,-0.008938321853060205,0.019433893347556852,0.010214993551744489,0.006352232604216912
2018-10-31,-0.08283705161526789,-0.06007171941670997,-0.05108023171481435,-0.060075375842947976,-0.015745799750610634,-0.05223167744135948
2018-11-30,0.035664511218671535,-0.016613027578339046,-0.011503859065145283,-0.008645873808193483,-0.0006718945980128677,-0.014907691897766417
2018-12-31,-0.094320830772745,0.00010141090653270624,-0.022671439598569987,-0.005818325111048073,-0.03893022935657953,-0.04091811519216426
2019-01-31,0.05649066918054424,0.043097551940986634,0.07154712443580968,0.06429902992422276,0.07779308288781384,0.04833628621530228
2019-02-28,0.03673642703677049,0.05954814104562289,0.03286590968943015,0.04778599136513706,0.049189303865971645,0.028831438248313024
2019-03-31,0.010179173903070882,0.00614263384510183,0.012511282801741963,0.020264091458558453,0.022003873883250757,0.030025494858476276
2019-04-30,0.027110022871588146,0.028949039003133725,0.07690587252446668,0.05900604745059268,0.0511566536528858,0.026240581215547953
2019-05-31,-0.05300549566942592,0.024390306047643584,-0.041651644728326276,-0.03625659661086844,-0.013242022908662054,-0.027218459995920874
2019-06-30,0.03423920067148245,0.03982323528443743,0.05570560181338169,0.06559097853293006,0.03959371864404826,0.03423668253041712
2019-07-31,0.020079038816685157,0.035545974007648695,-0.002486377860293598,0.008437513408995456,0.015799496928874168,0.02188764383312547
2019-08-31,-0.022525410640098276,-0.016038168003374653,-0.0022651858684819004,0.005304951330996843,0.004336680995277842,-0.031313684504559625
2019-09-30,0.06506358370875776,0.02579719692642546,0.04098500687698481,0.0380589448873927,0.014820764444511192,0.03536612617553958
2019-10-31,0.05620060906236479,-0.0009740404852337514,0.04989712076729558,0.031169304268905407,0.012392455591694329,-0.006857164036536245
2019-11-30,0.028406397359951097,0.029583059267206613,0.04154841869580528,0.039744591252714345,0.030527476149659005,0.026467266185859595
2019-12-31,0.020166069361695405,-0.01645903580214869,0.015328584431048453,0.02223494971587847,0.01772921800951277,0.0376767557173443
2020-01-31,-0.013329978589122105,0.04855776615839813,-0.00427865426512597,-0.009445015714576344,0.00566040267898682,-0.025800980033720555
2020-02-29,-0.09564227886900978,-0.07129606393467436,-0.07234879813711903,-0.06619836488718778,-0.0700969227920255,-0.0834494837521792
2020-03-31,-0.052882225296424945,-0.2164848025888737,-0.1371468998655232,-0.15009494485475006,-0.06167119434070012,-0.14806185871279753
2020-04-30,0.04991719536155714,0.10312741862886932,0.10827000559832589,0.05845820143257319,0.04999989030989571,0.05204958462999043
2020-06-30,0.0011626969658757869,0.023574759771399778,0.04174779086220859,0.04562251755978397,0.020628844788881384,0.013935834809587266
2020-07-31,-0.03604718262869888,0.010311811433882934,-0.0002435926955626222,-0.02113011918859886,0.0050781543922540084,-0.035666208754446704
2020-08-31,0.08097092726865518,0.03883894815413158,0.05191837139913835,0.036862247668008385,0.02499725791124774,0.022336042856488714
2020-09-30,0.01862075014462028,-0.03252288766085032,-0.006374036393084204,-0.016188190909503408,0.004550910790788398,-0.01353078593037349
2020-10-31,-0.025147676611651515,0.022024207600914503,-0.07741172218047121,-0.030345174754230486,-0.05265971181686435,-0.03567151871522756
2020-11-30,0.1076431805485234,0.10390030216292123,0.1400780809549247,0.18523684516192618,0.09290336189423187,0.12538335407840795
2020-12-31,0.03271668990181953,0.018525879272587753,0.043698690208077706,0.019196727650500622,0.023525248667744192,0.03847923118083174
2021-01-31,0.00527678893231498,0.007008412099990924,0.0031335219671055903,-0.02376695060279088,-0.008206887268414675,-0.0059468259883310726
2021-02-28,0.03069539675516475,0.013932860158739846,0.023737679294326797,0.05364608961847084,0.00031202817624820245,0.01719931467102065
2021-03-31,0.055482618270625284,0.021211268294330954,0.07591140947910113,0.06407407940688636,0.06960917663039878,0.04886093939881708
2021-04-30,-0.025034166683801318,0.03742502137501513,0.01750013685551033,0.05345396755227583,0.017197326513216593,0.04392411252874373
2021-05-31,0.013452589772898205,0.022282448524195142,0.027848275654877463,0.037662992768527914,0.03330056077493204,0.01331670061839818
2021-06-30,0.01709155604485979,0.023991259802848997,0.018314526766575523,0.016844044994364427,0.03766120735308576,-0.00041787833339157476
2021-07-31,-0.021083563700556973,0.009130527005294153,0.009393041651926448,0.017718230385645906,0.020993201896626346,0.00826351865908137
2021-08-31,0.033475801619592405,0.027215579566221226,0.025811838326774028,0.006679175298176965,0.023270694874313547,0.022199165391459053
2021-09-30,0.043246903482969,-0.013307687808719715,-0.03165695147653158,-0.024268059100840955,-0.05562947153753672,-0.015522779013972143
2021-10-31,-0.011039377922435367,0.0037278500120733193,0.02172787197409387,0.061118203367680035,0.036227683178036596,0.011924471522570257
2021-11-30,-0.034286131067896686,-0.0050792580901128925,-0.026645744998143428,0.0001043119980023155,-0.009336098509556856,-0.01735571832697047
2021-12-31,0.03244224893356473,0.02783211241020611,0.04130349583054915,0.04798840977689012,0.06077703461303696,0.04256654801695059
2022-01-31,-0.048001375023567716,-0.06371631997913718,-0.032036249430564934,-0.03480680337224573,-0.05845051727731021,-0.005362045512999791
2022-02-28,-0.002600359196554214,0.015475713703053229,-0.05362226513887047,-0.0439446451272395,-0.017198997966133334,-0.008227935310690326
2022-03-31,0.04322985104503596,0.06926013724546753,-0.008005197269976061,0.00831617189580125,0.020374850055342564,0.015643058543330146
2022-04-30,-0.01792082828948205,-0.003586474262400885,-0.014224681933676209,-0.012802007489910672,0.006604513300489057,0.0021067720553346048
2022-05-31,0.007957430055335113,-0.03601971623606315,0.0232906786535364,0.0005862130535363441,-0.03334871103796333,0.0048166415550759956
2022-06-30,-0.010734727940746147,-0.09153757135265528,-0.1082391081843408,-0.05989261412774949,-0.07342782240105639,-0.05147879447928494
2022-07-31,0.04612804711090113,0.06714515399937926,0.06179981893931996,0.11200951719500452,0.05611516087800972,0.04152498480675315
2022-08-31,0.01956301011626449,0.016280070713894146,-0.045854543233993295,-0.03781740156966318,-0.02235867799826441,-0.01934735272199961
2022-09-30,-0.043714080368729924,-0.057252113346972555,-0.07360795132923281,-0.05241155543449583,-0.06059194987798133,-0.06026823193208308
2022-10-31,0.058416107595395284,0.05586488680932655,0.09020477973245744,0.08153905247229298,0.05574425629283697,0.032579626623614466
2022-11-30,0.03410166186376218,0.06764860893883662,0.10080910451190261,0.09752251935805623,0.05853365884567219,0.07451284663031266
2022-12-31,-0.03901580156624607,-0.03163979831300623,-0.023093813473471947,-0.025646990701684413,-0.016402170715382747,-0.010448931293244312
2023-01-31,0.04788639697953034,0.06439409811173324,0.10727793651088235,0.11057661465608037,0.07360534944111707,0.046937299416271894
2023-02-28,0.016972769971713486,-0.02151826637276777,0.02656737147469812,0.027617763374558013,0.00024120378905034823,0.02424694035349506
2023-03-31,0.02333569486788667,-0.002235655612695009,0.026456617360720802,0.026208369560963618,0.04202856461521298,-0.0264712617103523
2023-04-30,0.033495379241034406,0.018911265010550293,0.026784422170729516,0.04407073691599506,0.04737721767735059,0.03518052724884191
2023-05-31,0.03718925986864874,-0.027687215030748558,-0.009990797812786889,-0.028156999892477774,-0.006340876823626607,-0.04323007406146262
2023-06-30,0.08135154720954274,0.020280160452425422,0.04037044137163104,0.05190307130764582,0.02341778751075596,0.008733875865799767
2023-07-31,0.020061952260472693,0.02868347754866274,0.0335156193679097,0.01953288988159907,0.020273954592735177,0.028678054461773406
2023-08-31,0.01019675743271431,-0.007037000861401799,-0.0213019005182411,-0.01850446412447393,-0.006116712524566248,-0.01742292313541649
2023-09-30,0.010259518225127162,-0.02545335560527684,-0.023165890078845286,-0.0274613100090364,0.0034141581726085946,0.02616310213700823
2023-10-31,-0.024169990883426085,-0.03967462726742943,-0.03441130841920248,-0.025409234792131974,-0.03484613044143581,-0.038644060260376034
2023-11-30,0.06070011206874448,0.049585082878585096,0.09211715902212014,0.07059244424537559,0.06310079586272677,0.032890331176447685
2023-12-31,0.0018595916134712676,0.0716640707626437,0.039144583849648695,0.04831545943036186,0.03905864732969877,0.04746850929865354
2024-01-31,0.07646775706158371,0.0125071174429211,0.01565970029348418,0.030089136596557764,0.02907713275158519,-0.00861421359922332
2024-02-29,0.052932156196819014,0.011900597941899793,0.04341346572164384,0.04752452500071347,0.033088060987888857,0.008257764717612748
2024-03-31,0.04622904596526278,0.02892560396365229,0.04987461574941865,0.03521758519777174,0.04901473364972231,0.049207386823206356
2024-04-30,-0.009646745854522965,-0.029175456133309297,-0.009402729194879389,-0.006534828332328102,-0.002311563395701266,0.02974556873793155
2024-05-31,0.010081889673307254,0.009583213187832618,0.04224812505305908,0.027712681605233103,0.07173883057643371,0.029692427792179732
2024-06-30,0.020006445982409193,0.00955562899402862,0.0015268906419715345,-0.04983446463285901,0.010617490510558714,-0.013844855655968047
2024-07-31,-0.00037836613736730307,0.038402409990175634,0.01628816120613652,0.015186835288371059,0.027865944412928112,0.036418807086469496
2024-08-31,-0.019989791923712197,0.005589058057965612,0.031116132575798927,0.031309009458847736,0.02160593332936056,0.011038106746624088
2024-09-30,-0.007949228649124285,0.03412471117700644,0.03914296856054844,0.02188299486084555,0.0046365582379953585,-0.014342899086818961
2024-10-31,0.021461365960192214,-0.011105967581523601,-0.007418762270352097,-0.03743020953065501,-0.015495909387828855,-0.014941442779049297
2024-11-30,-0.002569435491036165,0.034345188479932176,0.03178055166976357,-0.008509327462973615,0.014357817640981096,0.02670810940033541
